"domain","revenue_sum","total_conversions","valid_revenue_conversions"
"col128.mail.live.com","111.78","1","1"
"www.atlanticbb.net","187.08","1","1"
"gunbot.net","8.26","1","1"
"c3bb.mymailsrvr.com","63.98","1","1"
"search.mediacomcable.com","106.99","1","1"
"www.kwiktoolusa.com","17.47","1","1"
"www.dkgtrading.com","39.97","1","1"
"www.google.com.pr","138.4","1","1"
"sportsmansguide.com","95.46","1","1"
"e.sportsmansguide.com","52.03","1","1"
"yoursearch.me","272.69","1","1"
"www.evoamerica.com","35.97","1","1"
"enews.jimmyjazz.com","38.94","1","1"
"www.google.co.in","30","1","1"
"www.google.com.tr","107.14","1","1"
"www.polarisatvforums.com","156.47","1","1"
"webmail.qcol.net","126.72","1","1"
"www.zerohedge.com","326.13","1","1"
"www.baidu.com","294.4","1","1"
"www.breitbart.com","94.14","1","1"
"speedial.com","34.98","1","1"
"us-mg204.mail.yahoo.com","197.87","1","1"
"www.doctorofcredit.com","46.98","1","1"
"forums.anandtech.com","111.76","1","1"
"webmail.c.earthlink.net","43.69","1","1"
"www.thegatewaypundit.com","29.97","1","1"
"home.myhughesnet.com","124.96","1","1"
"us.search.yahoo.com","62.89","1","1"
"mail2.charter.net","396.81","1","1"
"mail.hughes.net","1307.28","1","1"
"search.pch.com","37.02","1","1"
"www.nicekicks.com","121.04","1","1"
"searchassist.verizon.com","272.75","1","1"
"www.google.com.br","122.08","1","1"
"niketalk.com","149.82","1","1"
"blog.theanimalrescuesite.com","16.98","1","1"
"webmail.roadrunner.com","42.25","1","1"
"www.thesportsmansguide.com","70.97","1","1"
"webmail.ellijay.com","52.76","1","1"
"frontpage.pch.com","16.97","1","1"
"www.stylestar.co","293.97","1","1"
"www.vector-usa.biz","159.77","1","1"
"snt146.mail.live.com","67.66","1","1"
"spamfilter.yucca.net","57.96","1","1"
"www.google.tt","179.81","1","1"
"webmail.emily.net","434.65","1","1"
"www.funnstyle.com","97.95","1","1"
"maverickblinds.com","186.97","1","1"
"webmail.hoster912.com","75.95","1","1"
"hiphopnews24-7.com","43.17","1","1"
"blu184.mail.live.com","227.07","1","1"
"www.wideopenspaces.com","196.91","1","1"
"www.detroitnews.com","99.48","1","1"
"webmail.powerc.net","1290.1","1","1"
"snt152.mail.live.com","62.65","1","1"
"10.10.9.153:15871","281.93","1","1"
"www.google.mn","199.99","1","1"
"webmail2.cincinnatibell.net","56","1","1"
"webmail.q.com","114.35","1","1"
"r.duckduckgo.com","474.79","1","1"
"johnsonandmurphy.com","129.79","1","1"
"nornet","26.69","1","1"
"www.bign.com","111.65","1","1"
"cheap-r.com","188.97","1","1"
"l.instagram.com","134.77","1","1"
"cn.dealmoon.com","84.81","1","1"
"www.savings.com","111.22","1","1"
"www.wnd.com","154.26","1","1"
"www.google.bs","102.94","1","1"
"mail.outdrs.net","104.95","1","1"
"www.offeredby.net","38.98","1","1"
"webmail.gwtc.net","101.98","1","1"
"webmail.cinci.rr.com","279.67","1","1"
"bay180.mail.live.com","284.97","1","1"
"webmail.east.cox.net","578.78","1","1"
"www.dealmoon.com","176.02","1","1"
"www.cheapprice.sale","349.47","1","1"
"webtop.east.cox.net","57.42","1","1"
"tap.sh","186.11","1","1"
"www.cincinnatibell.net","366.56","1","1"
"sneakadeal.com","54.94","1","1"
"mail.tylerrv.com","100.55","1","1"
"webmail.backroads.net","63.25","1","1"
"www.math.psu.edu","624.12","1","1"
"www.searchlock.com","20.47","1","1"
"www.winloot.com","46.97","1","1"
"col130.mail.live.com","116.5","1","1"
"www.vcdelivery.com","0","1","1"
"www.sneakerwatch.com","30.45","1","1"
"www.google.fr","82.95","1","1"
"www.outdoorphotographer.com","74.5","1","1"
"dpdnav.com","161.9","1","1"
"2912a.v.fwmrm.net","64.98","1","1"
"www.gunbot.net","129.43","1","1"
"www.compare99.com","71.97","1","1"
"www.hunterswisdom.com","46.97","1","1"
"www.ultrafryer.com","166.24","1","1"
"www.ar15.com","44.96","1","1"
"email.pittcc.edu","139.09","1","1"
"mail.sandcreektelco.com","220.98","1","1"
"mopopfestival.com","41.82","1","1"
"thmarine.com","83.92","1","1"
"ads.chattanoogan.com","112.94","1","1"
"www.weather.com","46.96","1","1"
"www.advantagehunting.com","148.95","1","1"
"raisingcanes.aquentsolutions.com","794.81","1","1"
"email.medamerica.com","34.68","1","1"
"mail.bertramwireless.com","176.96","1","1"
"10.136.1.100:15871","56.95","1","1"
"clicks.pureleads.com","99.47","1","1"
"login.vtc.net","93.98","1","1"
"www.cafelamoda.com","66.97","1","1"
"mg.mail.yahoo.com","76.95","1","1"
"sportsmansguide.v12.estore.catalograck.com","185.94","1","1"
"www.google.cl","291.35","1","1"
"www.theblaze.com","129.75","1","1"
"mobile.wnd.com","497.96","1","1"
"www.nbcnews.com","195.55","1","1"
"webmail.bendbroadband.com","68.97","1","1"
"inreachcom.mail.everyone.net","330.37","1","1"
"www.google.as","179.94","1","1"
"webmail2.armstrongmywire.com","94.96","1","1"
"www.google.com.co","140.92","1","1"
"www.latestcouponcodes.com","239.97","1","1"
"patriotnewsdaily.com","214.62","1","1"
"m.mg.mail.yahoo.com","95.97","1","1"
"www.hellowonderful.co","61.6","1","1"
"col127.mail.live.com","110.94","1","1"
"www.bizpacreview.com","174.95","2","2"
"www.accuweather.com","137.12","2","2"
"us.yhs4.search.yahoo.com","142.89","2","2"
"nortonsafe.search.ask.com","319.41","2","2"
"webmail.etcmail.com","540.01","2","2"
"www.google.com.mx","208.21","2","2"
"mail.isp.netscape.com","170.6","2","2"
"dp.g.doubleclick.net","157.35","2","2"
"www.dogpile.com","452.93","2","2"
"rtbtracking.com","140.71","2","2"
"www.google.com.ag","210.84","2","2"
"email.filson.com","339.56","2","2"
"www.searchincognito.com","324.81","2","2"
"webmail.core.com","92.51","2","2"
"m.partstown.com","594.56","2","2"
"www.extrabux.com","94.91","2","2"
"www.google.co.kr","315.88","2","2"
"rd.bizrate.com","97.7","2","2"
"s.yimg.com","104.75","2","2"
"www.google.com.do","56.87","2","2"
"l.yimg.com","250.92","2","2"
"www.google.com.au","574.75","2","2"
"24.246.223.253","153.2","2","2"
"www.JimmyJazz.com","151.88","2","2"
"www.solelinks.com","305.64","2","2"
"mail.twc.com","291.29","2","2"
"webmaila.netzero.net","60.64","2","2"
"www.bonus.triviatoday.com","278.93","2","2"
"www.copthesekicks.com","84.28","2","2"
"webmailb.netzero.net","66.97","2","2"
"search.mywebsearch.com","108.52","2","2"
"portal","299.78","3","3"
"ebm.e.sportsmansguide.com","459.13","3","3"
"www.jimmyjazz.com","217.9","3","3"
"serv.rosepinks.com","799.32","3","3"
"pixel.mathtag.com","941.12","3","3"
"t.co","293.69","3","3"
"m.retailmenot.com","364.76","3","3"
"webmailb.juno.com","394.29","3","3"
"mail.verizon.com","594.27","3","3"
"mail.google.com","131.6","3","3"
"www.google.co.ve","379.87","3","3"
"www.retailmenot.com","349.48","3","3"
"webmail.peoplepc.com","328.18","3","3"
"www.johnstonmurphy.com","331.23","3","3"
"www.ask.com","394.53","3","3"
"centurylink.net","550.35","3","3"
"www.amazon.com","362.76","3","3"
"search.tb.ask.com","215.5","3","3"
"webmail.earthlink.net","309.21","3","3"
"www.usatoday.com","589.11","3","3"
"solecollector.com","544.3","4","4"
"www.goodsearch.com","271.81","4","4"
"us-mg6.mail.yahoo.com","305.03","4","4"
"www.slickguns.com","554.14","4","4"
"webmail-classic.windstream.net","1159.22","4","4"
"www.ebay.com","304.48","4","4"
"mail.aol.com","262.15","5","5"
"www.search.com","1355.54","6","6"
"lm.facebook.com","1162.81","6","6"
"www.cfahome.com","1090.36","6","6"
"mail.centurylink.net","434.15","6","6"
"www.partstown.com","2732.77","6","6"
"www.mammothshopper.com","623.4","6","6"
"duckduckgo.com","872.54","6","6"
"www.mrrebates.com","1217.66","7","7"
"web.mail.comcast.net","978.29","7","7"
"www.promopro.com","2505.52","7","7"
"us-mg5.mail.yahoo.com","774.09","8","8"
"my.xfinity.com","585.91","8","8"
"webmaila.juno.com","1172","8","8"
"www.google.ca","1409.48","8","8"
"ammoseek.com","606.37","8","8"
"search.myway.com","1146.78","8","8"
"www.offers.com","1780.87","9","9"
"search.xfinity.com","1290.96","9","9"
"guide.sportsmansguide.com","1426.45","10","10"
"tpc.googlesyndication.com","2616.69","10","10"
"www.affirm.com","1492.65","11","11"
"cas.sv.us.criteo.com","1628.93","13","13"
"truckmonkey.sportsmansguide.com","2521.23","14","14"
"l.facebook.com","2659.13","15","15"
"m.facebook.com","2075.16","16","16"
"sneakersteal.com","1663.94","18","18"
"www.shopmyexchange.com","5956.83","28","28"
"www.ebates.com","2898.72","28","28"
"www.facebook.com","5329.44","32","32"
"search.aol.com","5217.07","33","33"
"www.bradsdeals.com","1824.73","34","34"
"cas.ny.us.criteo.com","7181.72","41","41"
"www.googleadservices.com","8018.4","43","43"
"search.yahoo.com","7945.2","55","55"
"365outdoorwear.sportsmansguide.com","7380.67","57","57"
"com.google.android.googlequicksearchbox","10258.21","81","81"
"outlook.live.com","10674.02","86","86"
"www.paypal.com","16926.598","173","173"
"search.jimmyjazz.com","20036.66","177","177"
"www.sportsmansguide.com","30893.41","200","200"
"r.search.yahoo.com","39656.15","208","208"
"www.bing.com","70427.35","414","414"
"www.google.com","355283.47","2122","2122"
"UNKNOWN","630496.2778","3634","3633"
"www.cntraveler.com",,,
"www.google.cz",,,
"home.peoplepc.com",,,
"webmail.tampabay.rr.com",,,
"www.shopwestfarms.com",,,
"muted.com",,,
"medium.com",,,
"webmail.dwx.com",,,
"mainetoday.com",,,
"www.couponsfashion.com",,,
"localhost:4000",,,
"sgsmoxp001.spg.local",,,
"www.abbreviations.com",,,
"shopping.yahoo.com",,,
"www.newsbusters.org",,,
"www.thegearpage.net",,,
"forums.redflagdeals.com",,,
"login.cut.net",,,
"mail.neis1.com:3000",,,
"localhost:12391",,,
"www.google.co.bw",,,
"tr.pinterest.com",,,
"www.wwltv.com",,,
"m.dogpile.com",,,
"www.google.com.af",,,
"start.mysearchdial.com",,,
"sallyport.bop.gov",,,
"spanish.latinospost.com",,,
"www.search.ask.com",,,
"www.astrology.com",,,
"officine.romamakers.org",,,
"instagram.com",,,
"webmail.swat.coop",,,
"games.aarp.org",,,
"www.kingsplazaonline.com",,,
"csh.lt",,,
"www.thatoffer.net",,,
"bwca.com",,,
"tplogic.com",,,
"www.searchmobileonline.com",,,
"10.11.1.1",,,
"www.commeuncamion.com",,,
"d.comenity.net",,,
"www.mapyourshow.com",,,
"www.bloomberg.com",,,
"www.lessucriers.com",,,
"www.maxbounty.com",,,
"www.trophyhunt.com",,,
"myemail.delta.com",,,
"www.wikiarms.com",,,
"www.morrisinvestigations.net",,,
"www.friendlycenter.com",,,
"www.heininger.biz",,,
"www.modelane.com",,,
"www.armstrongmywire.com",,,
"simage1.sportsmansguide.com",,,
"kr.pinterest.com",,,
"www.phosphatidicacid.com",,,
"www.fixya.com",,,
"www.nhaccuatui.com",,,
"www.gamousa.com",,,
"www.fokuzz.com",,,
"www.furfur.me",,,
"www.outdoorsunlimited.net",,,
"americasmall.com",,,
"www.eurodib.com",,,
"www.homeschoolcreations.net",,,
"thoughtcatalog.com",,,
"m.discuss.com.hk",,,
"contaya.com",,,
"webmail.meltel.net",,,
"www.fishingbuddy.com",,,
"www.muscleandfitness.com",,,
"beverage-air.com",,,
"www.thecoolector.com",,,
"www.sixstarpro.com",,,
"tracking.agenzy.com",,,
"www.hobbielektronika.hu",,,
"www.seattlemade.org",,,
"www.google.com.bd",,,
"m.simon.com",,,
"transparcel.tgous.com",,,
"www.shotgunworld.com",,,
"www.refugeforums.com",,,
"dailyspoonfeed.com",,,
"www.mypoints.com",,,
"www.batadased.com",,,
"tamaratattles.com",,,
"factorytoursusa.com",,,
"www.laproteina.es",,,
"kicksdeals.com",,,
"www.activityvillage.co.uk",,,
"www.quebecpeche.com",,,
"www.springfieldgrp.com",,,
"www.info.com",,,
"mail.mccuefamily.com",,,
"searchnow.com",,,
"lttlebits",,,
"guge.hntvchina.com",,,
"localhost:34699",,,
"everyguyed.com",,,
"10.221.6.1",,,
"mymodernincome.com",,,
"www.webstarts.com",,,
"www.webcrawler.com",,,
"redirect.viglink.com",,,
"bay172.mail.live.com",,,
"www.homebrewtalk.com",,,
"www.tiendeo.mx",,,
"cts.adssend.net",,,
"nosejammer.com",,,
"www.wareable.com",,,
"www.politico.com",,,
"www.eshopex.com",,,
"mail.powerxmail.com",,,
"www.google.com.pk",,,
"www.greenacresmallonline.com",,,
"subscriber.zoominfo.com",,,
"www.red-alliance.net",,,
"sa.iherb.com",,,
"willysdetroit.com",,,
"m.bookmark.naver.com",,,
"airows.com",,,
"www.dailyrecord.com",,,
"www.msnbc.com",,,
"uncrate.com",,,
"new.vk.com",,,
"in.pinterest.com",,,
"www.royallepage.ca",,,
"www.barnettcrossbows.webpublishpro.com",,,
"www.educaciontrespuntocero.com",,,
"maxbounty.com",,,
"webmail.cablelynx.com",,,
"mail.eyedoctormike.com",,,
"www.yandex.ua",,,
"www.findarticles.com",,,
"www.shohol.com",,,
"www.netsidebar.com",,,
"absolutetravel.com",,,
"www.google.com.ly",,,
"webmail.gt.rr.com",,,
"www.google.hn",,,
"10.1.112.100",,,
"www.columbusmakesit.com",,,
"webmail.premieronline.net",,,
"localhost:14889",,,
"themindcircle.com",,,
"www.bodybuilding.lk",,,
"mobilemail24.godaddy.com",,,
"www.ecommercefuel.com",,,
"www.google.com.ai",,,
"yandex.com.tr",,,
"search.charter.net",,,
"mail.gogreenclc.com",,,
"www.55haitao.com",,,
"www.usbuy.com.tw",,,
"webmail.pahrump.com",,,
"guelph-mortgage-broker.ca",,,
"camphack.nap-camp.com",,,
"m.monroevillemall.com",,,
"38.246.0.34:15871",,,
"bay167.mail.live.com",,,
"lebarboteur.com",,,
"www.cosmopolitan.com",,,
"coupons.pattayacitythailand.com",,,
"mail.onlyinternet.net",,,
"webmail.adamscable.com",,,
"com.pinterest",,,
"webmail.kinex.net",,,
"www.echoaudio.nl",,,
"ibnads.xl.co.id",,,
"www.maverickblinds.com",,,
"webmail.acrec.com",,,
"11.183.31.194",,,
"webmail.argentsolutions.net",,,
"app.agencyaccess.com",,,
"www.clarionledger.com",,,
"outbrain.com",,,
"206.22.57.40:15871",,,
"www.c-i-service.com",,,
"search.beesq.net",,,
"webmail.wt.net",,,
"distinguishedcompany.tumblr.com",,,
"www.westfield.com",,,
"webmail.plateautel.net",,,
"www.worldlifestyle.com",,,
"www.sipromac.com",,,
"m.volusiamall.net",,,
"www.barchart.com",,,
"www.gsiexpress.com",,,
"forum.tz-uk.com",,,
"www.google.com.ua",,,
"www.google.com.tw",,,
"shop.borderfree.com",,,
"www.swisherinc.com",,,
"scholar.google.com.tr",,,
"dobbersports.com",,,
"www.iscope.com",,,
"www.plconnect.slq.qld.gov.au",,,
"bay176.mail.live.com",,,
"mrrebates.com",,,
"www.bbc.co.uk",,,
"www.collectivekicks.com",,,
"webmail.tx.rr.com",,,
"www.intellicast.com",,,
"webmail.ardmore.net",,,
"webmail.nu-z.net",,,
"www.art-survie.com",,,
"www.mwgco.com",,,
"www.couponchief.com",,,
"search.mysearch.com",,,
"mail.midco.net",,,
"www.oklahoman.com",,,
"www.google.com.kw",,,
"www.dealscove.com",,,
"mail.scicable.com",,,
"www.jimmyjazz.com.",,,
"search.easydialsearch.com",,,
"www.kharkovforum.com",,,
"webmail.iendeavor.com",,,
"stickers-gratuit.blogspot.com",,,
"www.so.com",,,
"mail.region16.net",,,
"adrs.me",,,
"www.ultimatecoupons.com",,,
"cheap-kingdom.us",,,
"fnzoo.com",,,
"bbs.hupu.com",,,
"ronaldreagan-1954547.mail.everyone.net",,,
"m.xataka.com",,,
"admin.cancelwizard.com",,,
"snt148.mail.live.com",,,
"lastpass.com",,,
"10.10.1.66:15871",,,
"webmail.catskill.net",,,
"login.yadtel.net",,,
"localhost:14894",,,
"fwdaff.com",,,
"maxxcoldfoodservice.com",,,
"www.google.bt",,,
"www.cox.com",,,
"www.bwiairport.com",,,
"hwwebmail.mail.126.com",,,
"seekingalpha.com",,,
"sharff.com.ua",,,
"10.10.78.1:1000",,,
"thefiringline.com",,,
"www.searchnow.com",,,
"loutaubert.com",,,
"www.ushistory.org",,,
"jordansdaily.com",,,
"lifehacker.com",,,
"www.rimfirecentral.com",,,
"www.usedregina.com",,,
"www.ebates.sg",,,
"col126.mail.live.com",,,
"thehayride.com",,,
"blu168.mail.live.com",,,
"www.mobile01.com",,,
"www.refdesk.com",,,
"mail.centex.net",,,
"www.southlakemall.com",,,
"www.storeslike.com",,,
"open-source-gallery.org",,,
"hao.360.cn",,,
"localhost:20271",,,
"www.harrisonstore.it",,,
"mail.tvconline.net",,,
"nutsacbags.com",,,
"searchguide.level3.com",,,
"webmail.neo.rr.com",,,
"webmail.scinternet.net",,,
"staging-web-johnstonmurphy.demandware.net",,,
"www.nchuntandfish.com",,,
"email21.godaddy.com",,,
"libertyfairs.com",,,
"webmail.hartel.net",,,
"10.8.1.238",,,
"video2.sportsmansguide.com",,,
"verygoodlord.com",,,
"images.google.de",,,
"www.weatherforyou.com",,,
"mail.wyoming.com",,,
"worldstarhiphop.com",,,
"www.groupon.com",,,
"mail.brmemc.net",,,
"www.shopstyle.com",,,
"messing-about.com",,,
"www.dailymail.co.uk",,,
"mail.megagate.com",,,
"www.wisconsinrapidstribune.com",,,
"promotot.com",,,
"www.dealgoody.com",,,
"mail.succeed.net",,,
"mail.goacentek.net",,,
"www.biz-essence.com",,,
"www.autotrader.ca",,,
"twarm.com",,,
"freemail.muchomail.com",,,
"imp.sndkorea.co.kr",,,
"galleryatsouthdekalb.com",,,
"www.ebird.co.kr",,,
"www.google.co.id",,,
"m.shopgadsdenmall.com",,,
"www.littlehero.es",,,
"webmail.magnadealer.com",,,
"wapp.baidu.com",,,
"www.100searchengines.com",,,
"webmail.nccray.com",,,
"www.huntinggeardeals.com",,,
"www.popsugar.com",,,
"exploreshops.net",,,
"www.munchkinsandwich.com",,,
"kellyservices.perkspot.com",,,
"webmail.prtcnet.com",,,
"m.coastalgrand.com",,,
"www.msn.com",,,
"webmail.gtek.biz",,,
"www.sportsmanguide.com",,,
"baseball.fantasysports.yahoo.com",,,
"xserve.spg.local",,,
"www.thevog.net",,,
"www.google.com.py",,,
"www.atlasfoodserv.com",,,
"www.subguns.com",,,
"es.fitness.com",,,
"www.theorchardsmall.com",,,
"bbs.dabin69.com",,,
"eyebeam.org",,,
"search.whiteskyservices.com",,,
"www.startpage.com",,,
"www.findouter.com",,,
"www.uglyhedgehog.com",,,
"mail.profirefighter.com",,,
"ads.p.veruta.com",,,
"www.verisign.com",,,
"tracfone.xtconnect.com",,,
"www.google.is",,,
"persecusa.com",,,
"blu176.mail.live.com",,,
"www.breakfastdeals.com",,,
"omgwhut.com",,,
"bushcraftusa.com",,,
"www.ebates.cn",,,
"479324.kicksomegas.raven5.com",,,
"coolmaterial.com",,,
"www.thedailybeast.com",,,
"email05.godaddy.com",,,
"www.stylonomy.com",,,
"m.builtinnyc.com",,,
"www.dealsrebates.com",,,
"www.windowssearch.com",,,
"www.styleforum.net",,,
"guns.allzip.org",,,
"bubbleshooterclassic.funkychromegames.com",,,
"ch.search.yahoo.com",,,
"mail.bbtel.com",,,
"www.shopathome.com",,,
"www.lansingstatejournal.com",,,
"www.lackennationalschool.com",,,
"www.upworthy.com",,,
"www.thesimsresource.com",,,
"www.komando.com",,,
"webmail.nickgreenemail.com",,,
"homegarden.io",,,
"www.eastland-mall.com",,,
"www.outerlimits.co.jp",,,
"businessfinder.mlive.com",,,
"ohsnapbacks.com",,,
"www.google.co.zw",,,
"www.zulily.com",,,
"spr.ly",,,
"www.google.lv",,,
"thesource.lenmar.com",,,
"bghdomino2.uhs.org",,,
"email10.godaddy.com",,,
"webmail.wispwest.net",,,
"www.google.am",,,
"www.fatherly.com",,,
"www.shopstyle.com.au",,,
"ntiprism.holt-texas.holtcompanies.com",,,
"mybroadband.three.co.uk",,,
"scanmail.trustwave.com",,,
"email23.secureserver.net",,,
"confluence.ontrq.com",,,
"womenspants.0l0.us",,,
"momny.co.kr",,,
"www.99storeslike.com",,,
"www.makeuseof.com",,,
"mail.nwwnet.net",,,
"victoriasikora.blogspot.com",,,
"www.rgj.com",,,
"www.google.com.ec",,,
"webmail.reagan.com",,,
"172.16.1.38:15871",,,
"contextualads.yahoo.net",,,
"www.madisonmaxey.com",,,
"mail.nye.k12.nv.us",,,
"cincinnati.reds.mlb.com",,,
"search.naver.com",,,
"m.meidebi.com",,,
"tvline.com",,,
"www.astrologyzone.com",,,
"mail.unwiredbb.com",,,
"www.supplementshop.ir",,,
"www.voigtclub.com",,,
"backoffice.myvir.com",,,
"www.accountkiller.com",,,
"www.scamadviser.com",,,
"yandex.ru",,,
"www.google.com.jm",,,
"www.webdaily.com",,,
"www.catalogs.com",,,
"www.google.mg",,,
"www.searchthis.com",,,
"sf1-ocadmin1.ebates.int",,,
"admin.bign.com",,,
"muscletech.com",,,
"shopsales.us",,,
"www.zdsearch.com",,,
"digisnet.mail.everyone.net",,,
"total.xtconnect.com",,,
"ad.doubleclick.net",,,
"11.233.239.194",,,
"www.networksolutionsemail.com",,,
"timebie.com",,,
"www.absolutesaver.com",,,
"www.google.ml",,,
"www.freep.com",,,
"www.pof.com",,,
"inventtolearn.com",,,
"www.barska.com",,,
"www.lotteryusa.com",,,
"www.gocomics.com",,,
"us-mg4.mail.yahoo.com",,,
"www.mail2world.com",,,
"www.google.az",,,
"mail.pvtnetworks.net",,,
"www.google.co.za",,,
"mail40b.webmail.libero.it",,,
"www.google.je",,,
"www.entouriste.com",,,
"tpmr.com",,,
"catalogsfroma-z.com",,,
"m.southparkmall.com",,,
"wm41.inbox.com",,,
"heavy.com",,,
"webmail.cablespeed.com",,,
"webmail.jamadots.com",,,
"cgi2.nintendo.co.jp",,,
"us.wow.com",,,
"mail.rose.net",,,
"player.ooyala.com",,,
"scotchaddict.com",,,
"10.5.1.17",,,
"www.werd.com",,,
"www.adishofdailylife.com",,,
"mysite.straighttalk.com",,,
"www.saltwaternewengland.com",,,
"www.google.com.et",,,
"www.golfwrx.com",,,
"www.k9safesearch.com",,,
"10.240.66.6:15871",,,
"webmail.tri-lakes.net",,,
"www.texsport.com",,,
"www.google.co.th",,,
"m4ar15.com",,,
"forum14.hkgolden.com",,,
"weekly-ads.us",,,
"www.google.com.pa",,,
"www.cybermonday2015.co",,,
"webmail.mcgowancontrols.com",,,
"webmail.foxvalley.net",,,
"www.ebates.ca",,,
"www.gearhungry.com",,,
"blogcheckouttoday2016.tk",,,
"initialcloudflare.mrolympia.com",,,
"tis",,,
"www.zdnet.com",,,
"meng.mail.everyone.net",,,
"blu175.mail.live.com",,,
"badgerandblade.com",,,
"m.advanceautoparts.com",,,
"localhost:15657",,,
"wowway.net",,,
"www.huihui.cn",,,
"localhost:14897",,,
"webmail.socket.net",,,
"www.getsaturn.com",,,
"macaunutrition.com",,,
"images.google.com",,,
"task.meigexinxi.com",,,
"blu177.mail.live.com",,,
"mail.theisaacsons.org",,,
"www.cnbc.com",,,
"heatfactory.com",,,
"pentos.prod.indix.tv",,,
"a.xtopoly.com",,,
"mail.powerzoneinc.com",,,
"capitalwaterfowling.com",,,
"cdn.viglink.com",,,
"start.toshiba.com",,,
"webmail.dteworld.com",,,
"ad-g.doubleclick.net",,,
"link.zhihu.com",,,
"www.startsiden.no",,,
"www.avsforum.com",,,
"prjcq.com",,,
"bay169.mail.live.com",,,
"mail.hamptoncountysc.org",,,
"www.gorhino.com",,,
"cpleads.org",,,
"go.j23app.com",,,
"www.al.com",,,
"www.inventtolearn.com",,,
"imasdk.googleapis.com",,,
"www.google.by",,,
"webmail.intelliwave.com",,,
"www.falfiles.com",,,
"www.iherb.cn",,,
"www.wranglerforum.com",,,
"webmail.arvig.net",,,
"isearch.avg.com",,,
"search.webwebweb.com",,,
"housakicks.com",,,
"blu183.mail.live.com",,,
"nl.pinterest.com",,,
"www.sothatscool.com",,,
"cafe.naver.com",,,
"10.1.5.15:15871",,,
"plus.google.com",,,
"freecatalogs123.com",,,
"webmail.atlantic.net",,,
"inventorspot.com",,,
"spotzot.com",,,
"weather.ca.weatherbug.com",,,
"m.yp.com",,,
"www.citylab.com",,,
"www.windstream.net",,,
"jobsinme.com",,,
"www.skybox.net",,,
"alert.websecurity.att.com",,,
"salefire.us",,,
"gun-deals.com",,,
"spamaway.npgco.com",,,
"www.gunsgunsguns.com",,,
"www.google.ht",,,
"10.71.1.212:8080",,,
"www.calibex.com",,,
"trc.taboola.com",,,
"couponfollow.com",,,
"zimbra.tc3net.com",,,
"www.google.iq",,,
"www.google.me",,,
"sportsmanguide.cm",,,
"mail.airmail.net",,,
"m.bizrate.com",,,
"beforeitsnews.com",,,
"nieco.com",,,
"countrychic96.tumblr.com",,,
"localhost:14878",,,
"www.google.com.vn",,,
"govome4.insppartner.com",,,
"www.bargainoutfitters.com",,,
"browningowners.com",,,
"www.delmarvanow.com",,,
"linkvalidator.net",,,
"www.complex.com",,,
"www.dealbada.com",,,
"wm55.inbox.com",,,
"www.revolution.com",,,
"www.buluanmai.com",,,
"ca.search.yahoo.com",,,
"mesatactical.com",,,
"www.google.co.cr",,,
"webmail.midwestinfo.net",,,
"www.mallforafrica.com",,,
"webmail.shreve.net",,,
"www.best-price.com",,,
"nym1-ib.adnxs.com",,,
"joeforamerica.com",,,
"www.fordhamroadbid.org",,,
"www.relayshopusa.fr",,,
"webmail.coquinet.mail2world.com",,,
"www.search-error.com",,,
"localhost:20109",,,
"usherald.com",,,
"download.partstown.com",,,
"webmailbb.netzero.net",,,
"searchguide.windstream.net",,,
"go.smzdm.com",,,
"rstyle.me",,,
"americanupbeat.com",,,
"www.gq.com",,,
"org.telegram.messenger",,,
"www.civilwarsupermodel.com",,,
"webmail.ctesc.net",,,
"milled.com",,,
"plus.url.google.com",,,
"vk.com",,,
"www.fuelhelmets.com",,,
"betheajenner.com",,,
"in.iherb.com",,,
"daytonmall.com",,,
"global.bing.com",,,
"vosteran.com",,,
"www.voucherlisting.com",,,
"www.lifehack.org",,,
"www.arrow-precision.com",,,
"www.rightrelevance.com",,,
"webmail.gilanet.com",,,
"www.shopfairlane.com",,,
"flipboard.com",,,
"thezoereport.com",,,
"www.chippewaboots.com",,,
"mailgw.icnet.net",,,
"yandex.ua",,,
"lxptl01.genesco.local:7777",,,
"www.jouster.com",,,
"nmax.net",,,
"search.yahoo.co.jp",,,
"www.drudgereport.com",,,
"iyfrr.com",,,
"webmail.pistolspetalsandpearls.com",,,
"home.suddenlink.net",,,
"www.google.vg",,,
"mama.pl.ua",,,
"us.intoautos.com",,,
"lrcdn.net",,,
"en.m.wikipedia.org",,,
"mediasource.actonservice.com",,,
"1.1.1.1",,,
"fanyi.youdao.com",,,
"www.google.kz",,,
"wyoming.com",,,
"bestleather.org",,,
"www.galleriadallas.com",,,
"partstown.com",,,
"www.truthrevolt.org",,,
"www.cleaneatingmag.com",,,
"classic.netaddress.com",,,
"webmail.ctcis.net",,,
"mobi.validclick.com",,,
"as.chango.com",,,
"www.outletsatcastlerock.com",,,
"www.shopdepot.net",,,
"ca.searchnow.com",,,
"in.search.yahoo.com",,,
"webmailb.mybluelight.com",,,
"www.informationvine.com",,,
"image.search.yahoo.co.jp",,,
"www.google.be",,,
"www.clad.com",,,
"www.scoutdoornews.com",,,
"65.49.52.117:8080",,,
"www.gingerhotels.com",,,
"www.google.com.na",,,
"www.irishexaminer.com",,,
"webmail.neitel.net",,,
"www.venturagasprices.com",,,
"services-prime.ena.com",,,
"id.pinterest.com",,,
"www.mission1bar.com",,,
"na6.salesforce.com",,,
"survivallife.com",,,
"www.bax-shop.nl",,,
"stealherstyle.net",,,
"go.frugalbuzz.com",,,
"www.hotsheet.com",,,
"www.curtmfg.com",,,
"localhost:25091",,,
"dnserrorassist.att.net",,,
"rubiconproject.com",,,
"articlesofstyle.com",,,
"mail.vnea.com",,,
"localhost:12173",,,
"time.com",,,
"www.google.com.uy",,,
"mail.myglnc.com",,,
"www.maishoudang.com",,,
"lifewithllewellins.com",,,
"www.huffingtonpost.com",,,
"mail.lakesidemotorsports.net",,,
"www.ketv.com",,,
"login.srcaccess.net",,,
"littlebits.cc",,,
"www.purelyinspired.com",,,
"www.donnaconaford.com",,,
"www.lowpriceshopper.com",,,
"anygetfront.com",,,
"shopinfo.com.ua",,,
"mlb.mlb.com",,,
"mashable.com",,,
"trkute.com",,,
"www.kulturizmas.net",,,
"localhost:14892",,,
"65.74.171.22",,,
"localhost:14898",,,
"clicktrack.pubmatic.com",,,
"www.myshopping.com.au",,,
"www.weekend-wanderer.com",,,
"www.bloter.net",,,
"www.brasiliafablab.com.br",,,
"blu174.mail.live.com",,,
"www.google.tn",,,
"www.Google.com",,,
"ilovejesus.mail.everyone.net",,,
"www.factmag.com",,,
"rightwingnews.com",,,
"www.builtinnyc.com",,,
"www.shihuo.cn",,,
"dfjgrowth.com",,,
"webemail.rush.edu",,,
"wm58.inbox.com",,,
"mail.webfodder3.net",,,
"www.wsj.com",,,
"wifi.intertelecom.ua",,,
"www.conenvs.com:2095",,,
"jackmtn.com",,,
"popwuping.com",,,
"www.couponsherpa.com",,,
"www.libaclub.com",,,
"webmail.lghopson.com",,,
"www.tkqlhce.com",,,
"mail.realtime.net",,,
"globalnews.ca",,,
"forum.gorod.dp.ua",,,
"japanican.officialblog.jp",,,
"www.google.co.jp",,,
"m.reddit.com",,,
"fishandhips.tumblr.com",,,
"www.njgunforums.com",,,
"footbasket.com",,,
"en.wikipedia.org",,,
"lifehacklane.com",,,
"s.ppomppu.co.kr",,,
"webmail.exede.net",,,
"realtimepolitics.com",,,
"www.m3forum.net",,,
"www.wamda.com",,,
"www.haitaozj.com",,,
"search.plushome.aswidget.com",,,
"www.homeclick.com",,,
"shophelp.ru",,,
"m.geneseemall.com",,,
"www.techvibes.com",,,
"classiciqquiz.org",,,
"gearcraft.us",,,
"www.inc.com",,,
"www.rebatesme.com",,,
"login.nehalemtel.net",,,
"nikelebron.net",,,
"laurenconrad.com",,,
"mail.mahaska.org",,,
"googleads.g.doubleclick.net",,,
"www.mendprovisions.com",,,
"webmail.mrtc.com",,,
"webmail.iwon.com",,,
"www9.buyerpricer.com",,,
"www.ehowenespanol.com",,,
"col129.mail.live.com",,,
"www.dpfng.com",,,
"search.socialdownloadr.com",,,
"get.smarter.com",,,
"www.handihelp.net",,,
"cas.criteo.com",,,
"webmailbb.juno.com",,,
"webmail.rochester.rr.com",,,
"www.findoo.com.au",,,
"www.pinterest.com",,,
"www.google.sn",,,
"topglobalmall.co.kr",,,
"www.digitaltrends.com",,,
"notify.bluecoat.com",,,
"www.themarketplacemall.com",,,
"www.nascar.com",,,
"webtop.west.cox.net",,,
"www.simon.com",,,
"localhost:14893",,,
"uat-www.ebates.com",,,
"10.21.0.1:8002",,,
"connect.themediatrust.com",,,
"justfreshkix.com",,,
"www.layacharon.com",,,
"www.borderfree.com",,,
"fr.pinterest.com",,,
"www.yandex.com.tr",,,
"www.google.com.sa",,,
"forum.arduino.cc",,,
"blog.wagjag.com",,,
"www.shoplafayettemall.com",,,
"gr.askmen.com",,,
"www.mercurynews.com",,,
"newwebmail.dnet.net.id",,,
"www.mysimon.com",,,
"11jia.net",,,
"www.northriversideparkmall.com.usrfiles.com",,,
"www.findnsave.com",,,
"www.securesearch.co",,,
"localhost:22072",,,
"298339620.keywordblocks.com",,,
"172.26.102.57:15871",,,
"tx3.e.johnstonandmurphy-email.com",,,
"www.we-love-new-york.com",,,
"melodyfacts.com",,,
"mail.colbert.k12.ok.us",,,
"webmail.espernet.net",,,
"webmail.foothills.net",,,
"mgoblog.com",,,
"www.google.cm",,,
"www.shareasale.com",,,
"www.google.com.gh",,,
"marine.worthco.com",,,
"www.duplichecker.com",,,
"webmail.suddenlink.net",,,
"65.198.237.9",,,
"flitetest.com",,,
"mail.163.com",,,
"ps4ux.com",,,
"hiconsumption.com",,,
"www.hydroxycut.com",,,
"www.blahparazzi.com",,,
"searchguide.tds.net",,,
"www.food.com",,,
"www.alltheshoes.com",,,
"www.aev-conversions.com",,,
"start.centurylink.net",,,
"www.angloinfo.com",,,
"col131.mail.live.com",,,
"blu179.mail.live.com",,,
"mail.scottpetroleuminc.com",,,
"www.alpharubicon.com",,,
"www.livestrong.com",,,
"www.zamberlanusa.com",,,
"www.voucherlive.com",,,
"www.telegraph.co.uk",,,
"www.kens5.com",,,
"mail.rcn.com",,,
"webmail.southslope.net",,,
"www.bladeforums.com",,,
"192.168.236.1",,,
"theblacksphere.net",,,
"ams1-ib.adnxs.com",,,
"techcrunch.cn",,,
"www.google.it",,,
"cameleo.ru",,,
"www.rosallop.com",,,
"nooga.com",,,
"www.iherb.com",,,
"jimmyjazz.com.",,,
"webmail.wildblue.net",,,
"www.themadpatriots.com",,,
"www.shoesofthepresidents.com",,,
"www.patchworm.com",,,
"webmail.osogrande.com",,,
"10.51.0.10:1000",,,
"www.ana-white.com",,,
"45.55.235.178:3000",,,
"cn.bing.com",,,
"adclick.g.doubleclick.net",,,
"int.search.tb.ask.com",,,
"webmail.west.cox.net",,,
"www.archerytalk.com",,,
"bay181.mail.live.com",,,
"dpmail03.doteasy.com",,,
"www.king5.com",,,
"bonanoinsurance.com",,,
"localhost:11421",,,
"m.weekly-ads.us",,,
"www.google.mv",,,
"fashionfly.co",,,
"scholar.google.es",,,
"blogphimviet.com",,,
"mystart.dealwifi.com",,,
"www.kentuckygasprices.com",,,
"data.taggify.net",,,
"www.google.ge",,,
"11.64.51.249",,,
"www.mensjournal.com",,,
"doingit3d.com",,,
"www.shoptronics.ca",,,
"appadmin.partstown.com",,,
"urlm.co",,,
"encrypted.google.com",,,
"webmail.wfeca.net",,,
"localhost:34501",,,
"com.laurencedawson.reddit_sync",,,
"uk.search.yahoo.com",,,
"spamfilter.bledsoe.net",,,
"mail.campusad.msu.edu",,,
"email.connect.charter.net",,,
"cse.google.com",,,
"www.1sale.com",,,
"www.nextag.com",,,
"forums.thecmp.org",,,
"www.google.lk",,,
"www.allwrestlingnews.com",,,
"www.bloglenovo.es",,,
"www.google.gl",,,
"kipkay.com",,,
"www.freecatalogs123.com",,,
"www.meidebi.com",,,
"mail.copper.net",,,
"freedomdaily.com",,,
"msxml.excite.com",,,
"webmail.libertea.us",,,
"www.heddels.com",,,
"fr.search.yahoo.com",,,
"www.blessthisstuff.com",,,
"tf.xtconnect.com",,,
"medpse.com",,,
"www.couponism.com",,,
"blu170.mail.live.com",,,
"finder.cox.net",,,
"us-mg206.mail.yahoo.com",,,
"www.dealsofamerica.com",,,
"rockymountainpatiofurniture.mobilebyweb.com",,,
"localhost:14904",,,
"www.google.com.bz",,,
"m.blog.naver.com",,,
"search.centurylink.com",,,
"tw.search.yahoo.com",,,
"www.altoonamirror.com",,,
"209.173.43.27:8000",,,
"www.elkayfoodservice.com",,,
"joinnow.ameriplancashbacksaver.com",,,
"www.google.dj",,,
"uhnotes1.uh.org",,,
"allsales.guru",,,
"www.egouz.com",,,
"search.aol.co.uk",,,
"www.ivankatrump.com",,,
"www.nasdaq.com",,,
"trello.com",,,
"www.google.com.ar",,,
"www.africahunting.com",,,
"sequel1.publish2profit.com",,,
"www.stemfinity.com",,,
"www.be-broken.com",,,
"www.tnguns.com",,,
"bestdiscounts.us",,,
"www.google.ps",,,
"login.mymail.coop",,,
"ml3.myemail.com",,,
"www.dospace.org",,,
"webmail.gpcom.net",,,
"unishipping.vn",,,
"umchwc1.umcsnguest.com",,,
"webmail.mounet.com",,,
"localhost:14903",,,
"www.youmekids.com",,,
"getpocket.com",,,
"onclickads.net",,,
"system.na1.netsuite.com",,,
"oascentral.comcast.net",,,
"ads.mediaforge.com",,,
"www.johnsonandmurphy.com",,,
"sportsmanguide.om",,,
"mail3.nate.com",,,
"click.geniusbox.net",,,
"www.stack3d.com",,,
"johnstonandmurphy.com",,,
"webmail.bluevalley.net",,,
"classifieds.craigclassifiedads.com",,,
"clickserve.dartsearch.net",,,
"www.yellowpages.com",,,
"adventure.nationalgeographic.com",,,
"click.blendernetworks.com",,,
"webmail.etv.net",,,
"phelim.org",,,
"forum.davidmanise.com",,,
"startpage.com",,,
"lotto.pch.com",,,
"www.bbb.org",,,
"habrahabr.ru",,,
"www.collegetrad.com",,,
"www.wdbj7.com",,,
"disneyaccelerator.com",,,
"henryschein.affinityperks.com",,,
"webmail.wiatel.net",,,
"www32.ureach.com",,,
"pmcammo.com",,,
"cprocraigslist.bingappnetwork.com",,,
"www.usine-digitale.fr",,,
"sneakernews.com",,,
"www.grizzlycoolers.com",,,
"www.tactical-life.com",,,
"www.couponndeal.us",,,
"techin.oureverydaylife.com",,,
"www.google.com.pe",,,
"wlc2.anhwf.local",,,
"honest-food.net",,,
"www.rangefinderforum.com",,,
"m.newburghmall.com",,,
"edurobots.ru",,,
"threads.dappered.com",,,
"www.startnetzero.net",,,
"archive.org",,,
"www.creativetechcamp.com",,,
"mail.cmsinter.net",,,
"www.polyvore.com",,,
"www.coupongreat.com",,,
"www.taxidermy.net",,,
"mail.uol.com.br",,,
"www.linkhaitao.com",,,
"www.stockgumshoe.com",,,
"search.twcc.com",,,
"app3.bluetie.com",,,
"bay175.mail.live.com",,,
"www.hornady.com",,,
"www.thestate.com",,,
"www.gosale.com",,,
"mobile.facebook.com",,,
"shu.com.ua",,,
"www.go2gbo.com",,,
"www.allaboutcircuits.com",,,
"www.forodirect.com",,,
"webmail.twc.com",,,
"ashleyweston.com",,,
"www.ripoffreport.com",,,
"d3d3lnnwb3j0c21hbnnndwlkzs5jb200.g00.slickdeals.net",,,
"localhost:14891",,,
"www.freegovernmentforms.net",,,
"hillseeker.com",,,
"www1.search-results.com",,,
"terpoy.com",,,
"www.definitions.net",,,
"email.mycableone.net",,,
"s3.amazonaws.com",,,
"m.adidas.co.kr",,,
"www.google.dk",,,
"s23.a2zinc.net",,,
"www.dscash.com",,,
"www.leverettschool.org",,,
"192.168.16.8",,,
"www.drymate.com",,,
"forum.svadba.kharkov.ua",,,
"www.google.ru",,,
"fanyi.baidu.com",,,
"m.shophanesmall.com",,,
"hub.yourtakeonfitness.com",,,
"thewindpros.com",,,
"hotspot2.socifi.com",,,
"webmail.rdhunting.com",,,
"www.blacklistednews.com",,,
"www.thenerdyteacher.com",,,
"www.bikeforums.net",,,
"reduto.ca",,,
"likes.com",,,
"webmail.jagwireless.net",,,
"www.antara.com.mx",,,
"www.dealigg.com",,,
"dealnews.com",,,
"mail.wsginc.com",,,
"www.techhive.com",,,
"www.flychicago.com",,,
"www.vanpeople.com",,,
"www.kold-draft.com",,,
"m.naver.com",,,
"wnep.com",,,
"testosteronesupplementsreport.com",,,
"www.yesimright.com",,,
"localhost:19866",,,
"www.skymilesshopping.com",,,
"discussions.texasbowhunter.com",,,
"www.weinbrennerusa.com",,,
"www.gameoptimizers.com",,,
"340lsrp01.wsfcs.net",,,
"bakernt5",,,
"www.google.co.nz",,,
"www.google.com.np",,,
"www.google.lt",,,
"imp.fetchback.com",,,
"triviatoday.com",,,
"www.nysaja.com",,,
"tyylit.fi",,,
"www.fullsizebronco.com",,,
"tool.couponcabin.com",,,
"www.mallatstonecrest.com",,,
"www.nbmai.com",,,
"www.creditcardcatalog.com",,,
"www.google.com.pg",,,
"ciuvo.com",,,
"areasnap.com",,,
"www.motorguide.com",,,
"data.fmtc.co",,,
"www.lostjeeps.com",,,
"mail.norcom2000.com",,,
"www.bb-team.org",,,
"kingtale2.inspsearch.com",,,
"mail.mepotelco.net",,,
"deref-mail.com",,,
"www.zapmeta.com",,,
"s15.a2zinc.net",,,
"www.doityourself.com",,,
"dennismichaellynch.com",,,
"business.facebook.com",,,
"www.mancavin.com",,,
"campaign.r20.constantcontact.com",,,
"www.visitseattle.org",,,
"littlebits.applytojob.com",,,
"www.magtechammunition.com",,,
"blu185.mail.live.com",,,
"webmail.satx.rr.com",,,
"m.turtlecreekmall.com",,,
"sooperfantastic.com",,,
"fiberglassflyrodders.com",,,
"ww.sportsmansguide.com",,,
"control.littlebitscloud.cc",,,
"www.sociableblog.com",,,
"www.google.co.ao",,,
"boatingsavings.sportsmansguide.com",,,
"search.centrum.cz",,,
"siamnaliga.com",,,
"webmail.c.peoplepc.com",,,
"kiaofauburn.mail.everyone.net",,,
"www.buckeyecablesystem.net",,,
"webmail.arc3gases.com",,,
"nymail.spray.se",,,
"s.igmhb.com",,,
"www.google.com.ng",,,
"md01.quartz.synacor.com",,,
"192.168.150.254:1000",,,
"www.google.com.gt",,,
"www.esdc.gc.ca",,,
"conferences.oreilly.com",,,
"anonhq.com",,,
"www.gq-magazine.co.uk",,,
"mail.abbmail.net",,,
"webmail.dtccom.net",,,
"gronknation.com",,,
"www.lifehacker.com.au",,,
"mediatakeout.com",,,
"slickdeals.net",,,
"www.topix.com",,,
"www.rbows.com",,,
"salebutler.us",,,
"www.google.nl",,,
"www.metv.com",,,
"www.jango.com",,,
"haoguanwang.com",,,
"www.yifen.com",,,
"webmailab.juno.com",,,
"azdailysun.com",,,
"www.carryology.com",,,
"lemaster.editor.multiscreensite.com",,,
"www.utsidan.se",,,
"www.street-rules.com",,,
"www.findagrave.com",,,
"localhost:14895",,,
"www.master-bilt.com",,,
"search.wowway.com",,,
"webmail1.networksolutionsemail.com",,,
"mail.mtccold.com",,,
"mailgate.etmc.org",,,
"mrpeacockstyle.blogspot.ca",,,
"www.traveljohn.com",,,
"nymag.com",,,
"w.p.mybuys.com",,,
"mail34b.webmail.libero.it",,,
"web.facebook.com",,,
"kr.iherb.com",,,
"localhost:14899",,,
"www.sneakerscartel.com",,,
"de.pinterest.com",,,
"theshoppingcarttrick.com",,,
"www.fashionfly.co",,,
"corp.stumbleupon.com",,,
"www.google.so",,,
"m.accuweather.com",,,
"10.99.0.3:15871",,,
"blu169.mail.live.com",,,
"partnerads.ysm.yahoo.com",,,
"uae.sporter.com",,,
"katriders.com",,,
"10.20.40.40:15871",,,
"tr.search.yahoo.com",,,
"www.mrctv.org",,,
"search.shopdepot.net",,,
"email.plateautel.net",,,
"uswebmail.mail.yeah.net",,,
"trevormorrowtravel.com",,,
"jamaisvulgaire.com",,,
"webmail.greenhills.net",,,
"plutobrat.com",,,
"webmail.covad.net",,,
"eaglemountainguideservice.com",,,
"bay177.mail.live.com",,,
"www.mail.nu",,,
"login.air2data.com",,,
"video.sportsmansguide.com",,,
"bunddler.com",,,
"localhost:14890",,,
"www.thenewoakparkmall.com",,,
"imagination.is",,,
"www.riverwalkneworleans.com",,,
"www.nickevery.com",,,
"profootballtalk.nbcsports.com",,,
"www.windowssearch.com:80",,,
"sa.sporter.com",,,
"gateway.zscaler.net",,,
"www.oaklandmall.com",,,
"www.linkedin.com",,,
"hotpopgamer.com",,,
"couponlawn.com",,,
"www.coupons.com",,,
"www.kmvt.com",,,
"search.xtconnect.com",,,
"us-mg205.mail.yahoo.com",,,
"park.above.com",,,
"qoo.by",,,
"www.madeinusa.org",,,
"mail.tds.net",,,
"mail.reaganemail.com",,,
"mail2.truvista.syn-alias.com",,,
"m.premiumoutlets.com",,,
"set1.mail.qq.com",,,
"healthland.time.com",,,
"bay179.mail.live.com",,,
"www.google.com.mt",,,
"finderscheapers.com",,,
"123.sogou.com",,,
"woodworking.formeremortals.net",,,
"www.trovi.com",,,
"findingrange.com",,,
"shopandcompare.ca",,,
"chat.kidstaff.com.ua",,,
"www.google.com.qa",,,
"pinterest.com",,,
"qpolitical.com",,,
"www.lodge210rome.com",,,
"mail2.daum.net",,,
"www.workingadvantage.com",,,
"www.google.gg",,,
"www.fhm.com",,,
"cumbytel.com",,,
"www.bankcheckingsavings.com",,,
"www.lifescript.com",,,
"vision.sprintpcs.com",,,
"www.thisiswhyimbroke.com",,,
"t.umblr.com",,,
"forum.watch.ru",,,
"findnsave.sfgate.com",,,
"mx-mg6.mail.yahoo.com",,,
"pirate4x4.mail.everyone.net",,,
"pcm.net",,,
"www.thingiverse.com",,,
"www.cellularoutfitter.com",,,
"www.theakforum.net",,,
"portal.tds.net",,,
"www.hotdeals.com",,,
"webmail.htenvmail.net",,,
"localhost:8854",,,
"www.microsofttranslator.com",,,
"gg.hntvchina.com",,,
"mail2.gvtc.syn-alias.com",,,
"m.carcomplaints.com",,,
"1174831.svc.e1m.net",,,
"www.highsnobiety.com",,,
"www.theinternationalman.com",,,
"www.audio-occasion.qc.ca",,,
"www.google.rs",,,
"detonate.com",,,
"www.google.com.bh",,,
"www.google.com.ni",,,
"shopdinemidtown.com",,,
"phlnutrition.com",,,
"clubrewards.midatlantic.aaa.com",,,
"forums.qrz.com",,,
"dev.adx.io:8888",,,
"e1-mg5.mail.yahoo.com",,,
"post.camtel.net:8383",,,
"www.legacyplace.com",,,
"www.zrxoa.org",,,
"search.earthlink.net",,,
"www.haitaobei.com",,,
"stuccu.com",,,
"www.shoppingchicagoridgemall.com",,,
"www.kmbc.com",,,
"mbunny777.dreamingofgalleries.me",,,
"optimized-by.rubiconproject.com",,,
"theboombox.com",,,
"hk.search.yahoo.com",,,
"www.trendhunter.com",,,
"webmail.chilitech.net",,,
"apps.finn.no",,,
"services.powerreviews.com",,,
"webmail.louisacomm.net",,,
"uatoday.tv",,,
"mail.zianet.com",,,
"www.ct4me.net",,,
"shoesofthepresidents.com",,,
"mail.naver.com",,,
"jimmyjazz.xom",,,
"mail.cableone.net",,,
"socnet.com",,,
"www.edutopia.org",,,
"ohiostate.247sports.com",,,
"www.r-l-x.de",,,
"www.google.ws",,,
"webtop.webmail.optimum.net",,,
"webmail.compprime.com",,,
"fashionista.com",,,
"takeda.corporateperks.com",,,
"blackfridaydiscount.net",,,
"wanelo.com",,,
"netmail.verizon.com",,,
"webmail.tennysoncourt.com",,,
"usstoresavers.com",,,
"webmail2.bigpond.com",,,
"www.shopnorthlake.com",,,
"172.18.1.180:15871",,,
"www.similarsites.com",,,
"i-content.spotzot.com",,,
"forum.bodybuilding.com",,,
"webmail.bgdailynews.com",,,
"www.nyhus.com",,,
"lookup.t-mobile.com",,,
"findcasualgamerz.com",,,
"172.16.40.1:1000",,,
"webmail.agsupport.org",,,
"10.60.10.52:15871",,,
"go.microsoft.com",,,
"mail.gilesk12.org",,,
"feeds.feedburner.com",,,
"www.brostrick.com",,,
"m.shopjefferson-mall.com",,,
"pix-hd.com",,,
"www.rincondecaballeros.com",,,
"mail.nebnet.net",,,
"www.fastcompany.com",,,
"www.ebates.kr",,,
"www.securitysquare.com",,,
"mail.brighthouse.com",,,
"go.mail.ru",,,
"www.openmultipleurl.com",,,
"www.coastalgrand.com",,,
"dub125.mail.live.com",,,
"weartesters.com",,,
"www.buyself.co.kr",,,
"www.izito.com",,,
"cpxdeliv.com",,,
"www.krugeroptical.com",,,
"forums.welltrainedmind.com",,,
"www.google.mu",,,
"www.plusnetwork.com",,,
"kbcard.shopfeeback.com",,,
"snt153.mail.live.com",,,
"mail2.wowway.net",,,
"pvtistes.net",,,
"leanmuscleproject.com",,,
"www.catalogdelight.com",,,
"webmail.marktwain.net",,,
"www.allmyfaves.com",,,
"forums.gunboards.com",,,
"www.taurusarmed.net",,,
"mail.emailsrvr.com",,,
"www.1ft-seabass.jp",,,
"ph.search.yahoo.com",,,
"m.laurelparkplace.com",,,
"www.lucianne.com",,,
"col125.mail.live.com",,,
"www.americanologist.com",,,
"www.mymilitia.com",,,
"www.thehulltruth.com",,,
"www.sgmtactical.com",,,
"webmail.hostgator.com",,,
"webmail.highland.net",,,
"www.lifebuzz.com",,,
"www.valetmag.com",,,
"10.14.63.99",,,
"www.americanrifleman.org",,,
"wamdacapital.com",,,
"en.canoe.com",,,
"letmeknow.fr",,,
"www.nytimes.com",,,
"mail.ida.net",,,
"www.nowtro.com",,,
"cedia16.mapyourshow.com",,,
"mail.fmctc.com",,,
"windriveroutdoorcompany.com",,,
"currentcodes.com",,,
"www.wfaa.com",,,
"www.akfiles.com",,,
"webestdeal.com",,,
"webmail5b.pc.tim.it",,,
"www.wzzm13.com",,,
"soldonsale.com",,,
"otherbuzz.com",,,
"foundrygroup.com",,,
"www.travelchannel.com",,,
"www.shoptronics.com",,,
"massfidelity.com",,,
"webmail.nycap.rr.com",,,
"www.practicalecommerce.com",,,
"webmail.mcpsmd.org",,,
"www.tecomate.com",,,
"www.korg.com",,,
"lnkd.in",,,
"m.mallofamerica.com",,,
"www.forummam.com",,,
"downloads.arduino.cc",,,
"www.yxeht.com",,,
"www.enxlife.com",,,
"www.hunterslife.gr",,,
"www.pttl.gr",,,
"www.dealsplus.com",,,
"park.searchguideinc.com",,,
"www.findr.sg",,,
"www.seattletimes.com",,,
"mail.epbfi.com",,,
"us.alhea.com",,,
"www.tothewoods.net",,,
"www.gamezebo.com",,,
"hide.me",,,
"webmail.titlesearcher.com",,,
"365outdoorwear.localhost.com",,,
"github.com",,,
"www.topglobalmall.co.kr",,,
"www.mama.kharkov.ua",,,
"www.google.dz",,,
"theviraldance.com",,,
"sitemail7.hostway.com",,,
"mail.prtcnet.com",,,
"ui.hydra.dr2.internetbrands.com",,,
"www.beso.com",,,
"webmail2.fidmail.com",,,
"marksgunsandgear.com",,,
"image.sportsmansguide.com",,,
"juliet-house.com",,,
"search.midco.net",,,
"www.weburlopener.com",,,
"contour-express.com",,,
"www.foxnews.com",,,
"www.northamericanwhitetail.com",,,
"zmail.peak.org",,,
"ddingdb.blogspot.tw",,,
"11.56.116.1",,,
"se.pinterest.com",,,
"www.royalblueapparel.com",,,
"www.google.com.sg",,,
"mail.clarityconnect.com",,,
"cancelwizard.com",,,
"theshoegame.com",,,
"uk.pinterest.com",,,
"support.jotform.com",,,
"images.google.fr",,,
"www.searchfever.com",,,
"entimports.com",,,
"www.google.ba",,,
"search.peoplepc.com",,,
"www.themallatgreeceridge.com",,,
"preparednessmama.com",,,
"www.flir.com",,,
"www.pyddd.com",,,
"jubylen.freeiz.com",,,
"www.google.com.cy",,,
"venturebeat.com",,,
"promail.ptd.net",,,
"www.chapelhillmall.com",,,
"www.pcworld.com",,,
"www.crunchgymsucks.com",,,
"www.novabeans.com",,,
"www.nikeblog.com",,,
"piensaengrande.fundaciontelefonica.co",,,
"www.sogou.com",,,
"bay173.mail.live.com",,,
"adobe.com",,,
"www.sportesoutdoortools.com",,,
"www.pch.com",,,
"www.hao123.com",,,
"172.27.72.27",,,
"www.urbandaddy.com",,,
"www.tusimportaciones.com.co",,,
"archivalclothing.com",,,
"www.google.co.ma",,,
"www.sunherald.com",,,
"www.blackfridaydeals2016.co",,,
"forums.hardwarezone.com.sg",,,
"highlandmint.knoji.com",,,
"www.google.ae",,,
"app.kissmetrics.com",,,
"hypothekids.org",,,
"www.123haitao.com",,,
"mail.screenworksinc.net",,,
"m.mlb.com",,,
"www.maxxcoldfoodservice.com",,,
"blog.ledbury.com",,,
"www.courier-journal.com",,,
"www.shopgreenbriar.com",,,
"agentlemansword.com",,,
"www.google.sk",,,
"www.bostontechmom.com",,,
"www.fashionbeans.com",,,
"www.buzzfeed.com",,,
"wee.partstown.com",,,
"johnstonmurphy.narvar.com",,,
"thejasminebrand.com",,,
"kik.com",,,
"international.muscletech.com",,,
"revolver.dk",,,
"localhost:14902",,,
"www.analyze2005.com",,,
"www.thefedoralounge.com",,,
"search.gifthulk.com",,,
"www.travelportland.com",,,
"deal.igxe.cn",,,
"5039.xg4ken.com",,,
"www.ziggedy.com",,,
"www.shopfordcitymall.com",,,
"www.cdkitchen.com",,,
"ayahbdeir.com",,,
"webmail.siouxvalley.net",,,
"www.iovate.com",,,
"well-spent.com",,,
"www.bigdealbook.com",,,
"nysaja.com",,,
"www.1911forum.com",,,
"www.loanmatchingservice.com",,,
"zhufu.sinaapp.com",,,
"yz.m.sm.cn",,,
"www.google.com.vc",,,
"api.miwifi.com",,,
"www.mallsandoutlets.com",,,
"www.piloteers.org",,,
"www.forbes.com",,,
"guangdiu.com",,,
"m.huffpost.com",,,
"uk.zdsearch.com",,,
"adidas.needle.com",,,
"gr.pinterest.com",,,
"www.hushmail.com",,,
"cpatop.info",,,
"myfirstclasslife.com",,,
"www.probass.net",,,
"int.search.myway.com",,,
"www.extrememax.com",,,
"www.icloud.com",,,
"m0.mail.sina.com.cn",,,
"dealsea.com",,,
"www.semesterz.com",,,
"lily-yao.com",,,
"povod.com.ua",,,
"www.instructables.com",,,
"mai1.freeservers.com",,,
"localhost:14905",,,
"www.bym.de",,,
"www.kicksundercost.com",,,
"www.google.com.eg",,,
"snt150.mail.live.com",,,
"www.paulbunyan.net",,,
"click.linksynergy.com",,,
"www.google.co.uz",,,
"mail.tn.gov",,,
"mds.wi-fi.ru",,,
"www.adsensecustomsearchads.com",,,
"mail.iaff980.com",,,
"webmail.1starnet.com",,,
"ifone.com",,,
"au.pinterest.com",,,
"mail.nycsd.k12.pa.us",,,
"www.google.pt",,,
"www.incentivenetworks2.com",,,
"brightspottrav.wpengine.com",,,
"t.yesware.com",,,
"blu182.mail.live.com",,,
"yxeht.com",,,
"192.168.33.1",,,
"mrolympia.com",,,
"gearpatrol.com",,,
"www.google.ee",,,
"boards.soapcentral.com",,,
"globalnation.inquirer.net",,,
"10.16.3.5:3000",,,
"www.aneverydaystory.com",,,
"snt149.mail.live.com",,,
"fiostrending.verizon.com",,,
"mt.sohu.com",,,
"www.xxl-sale.com",,,
"owa.edwardjones.com",,,
"thehill.com",,,
"m.55haitao.com",,,
"newsea36.chol.com",,,
"www.seriouslyfreestuff.com",,,
"r.searchincognito.com",,,
"m.search.naver.com",,,
"newsok.com",,,
"ideas.demco.com",,,
"com.laurencedawson.reddit_sync.pro",,,
"www.travelandleisure.com",,,
"www.excite.com",,,
"www.savevy.com",,,
"maps.randmcnally.com",,,
"www.mesasafe.com",,,
"www.bodybuilding.com",,,
"www.google.la",,,
"www.maxximumfoodservice.com",,,
"promocode2016.com",,,
"searchads.msn.net",,,
"login.peoplestel.net",,,
"www.panamacity-mall.com",,,
"marcustroy.com",,,
"www.popeyesquebec.com",,,
"webmail.myway.com",,,
"wotbox.biz",,,
"m.vk.com",,,
"allnurses.com",,,
"209.221.56.66",,,
"www.bankrate.com",,,
"www.network54.com",,,
"webmail.hampshire.edu",,,
"api.shopstyle.com",,,
"classic.dfj.com",,,
"rvitch.com",,,
"www.esquire.com",,,
"blu178.mail.live.com",,,
"www.powerball.com",,,
"www.symbaloo.com",,,
"email01.godaddy.com",,,
"footsell.com",,,
"navigation.nsgnav.com",,,
"promocodetogo.com",,,
"adgrx.com",,,
"11.187.183.194",,,
"com.twitter.android",,,
"10.103.252.75:15871",,,
"www.charlotteobserver.com",,,
"www.filipeflop.com",,,
"login.brazosnet.com",,,
"always-review.com",,,
"www.google.al",,,
"rbagroupefinancier.com",,,
"webmail.nyc.rr.com",,,
"www.thesneakeraddict.com",,,
"www.askdavetaylor.com",,,
"weather.com",,,
"m.cafe.naver.com",,,
"mobileoptimizedsearchsystem.mplore.com",,,
"www.perlick.com",,,
"mail.unwiredwest.net",,,
"www.worldstarhiphop.com",,,
"www.xenadrine.com",,,
"365outdoorwear.guidedev.com",,,
"rockymountainbushcraft.blogspot.com",,,
"staging.wideopenspaces.com",,,
"preview.pcmag.com",,,
"www.yelp.com",,,
"www.themodestman.com",,,
"o.www.filson.com",,,
"www.urbantrendyclothingshop.com",,,
"tb.invisiblehandlabs.com",,,
"effortlessgent.com",,,
"webmail.illinois.edu",,,
"m.westgate-mall.com",,,
"jimmyjazz-ns.com",,,
"www.expeditionportal.com",,,
"mail25b.webmail.libero.it",,,
"nemf.nemf.com",,,
"search.conduit.com",,,
"email.gd-ots.net",,,
"www.makersworkshop.net",,,
"search.moccini.com",,,
"www.pricecollect.com",,,
"webmail.rrv.net",,,
"www.classifiedads.com",,,
"m.wow.com",,,
"www.ighome.com",,,
"sneakerbardetroit.com",,,
"com.google.android.apps.genie.geniewidget",,,
"blu172.mail.live.com",,,
"snapitseeit.com",,,
"www.google.com.hk",,,
"webmail.runestone.net",,,
"mvpgroupcorp.com",,,
"www.beliefnet.com",,,
"www.thegardensmall.com",,,
"www.couponmalt.com",,,
"www.hanksclothing.com",,,
"www.storesavings.com",,,
"m.cafe.daum.net",,,
"192.168.0.4",,,
"11.170.23.194",,,
"rewards.aarp.org",,,
"webmail.myfairpoint.net",,,
"r.popshops.com",,,
"howtocancel.com",,,
"100mile.co.kr",,,
"topgamesfrees.com",,,
"m14forum.com",,,
"www.google.ro",,,
"www.google.se",,,
"wheretoget.it",,,
"login.crosstel.net",,,
"localhost:21435",,,
"www.zingdesign.com",,,
"coolmomtech.com",,,
"localhost:26089",,,
"suche.t-online.de",,,
"webmail.texaslife.com",,,
"www.askandyaboutclothes.com",,,
"us.when.com",,,
"controversialtimes.com",,,
"fieldguide.gizmodo.com",,,
"mail.oppcatv.com",,,
"www.abbotsfordchrysler.com",,,
"10.0.1.1",,,
"nym1.ib.adnxs.com",,,
"www.carson.com",,,
"webmail.nemont.net",,,
"mail.bright.net",,,
"www.myeconmall.com",,,
"lonestardistribution.com",,,
"webmail.ccrtc.com",,,
"forums.equipped.org",,,
"search.price-kickerz.com",,,
"www.trinityforce.com",,,
"scholar.google.fr",,,
"couponinsanity.com",,,
"www.google.com.bn",,,
"foreignpolicy.com",,,
"forum.moogmusic.com",,,
"http",,,
"www.courierpostonline.com",,,
"webmail.airstreamcomm.net",,,
"webmail.skybest.com",,,
"www.acontinuouslean.com",,,
"www.mytacticalspot.com",,,
"www.rkdms.com",,,
"supplyclick.servicechannel.com",,,
"bay182.mail.live.com",,,
"fwdssp.com",,,
"192.168.104.26",,,
"www.google.si",,,
"www.shopashevilleoutlets.com",,,
"universalfwding.com",,,
"blu180.mail.live.com",,,
"sitemail.webhosting.verizon.net",,,
"www.kijiji.ca",,,
"plaintips.com",,,
"webmail.redred.com",,,
"nornet.northerntool.com",,,
"www.musclespro.com",,,
"deref-gmx.com",,,
"zhidao.baidu.com",,,
"www.lookatme.ru",,,
"www.google.pl",,,
"webmail.corax.de",,,
"www.cincinnati.com",,,
"printablecouponcode.com",,,
"www.thrillon.com",,,
"localhost:10219",,,
"www.auctionzip.com",,,
"www.search.alot.com",,,
"snt147.mail.live.com",,,
"ggss.ml",,,
"www.google.gy",,,
"www.kixandthecity.com",,,
"webmail.clarityconnect.com",,,
"www.fashionsquare.com",,,
"www.localhost.com",,,
"webmail.metrocast.net",,,
"www.shoeporn.com",,,
"ysite.awesomeom.com",,,
"mnclaytarget.com",,,
"info.us.criteo.com",,,
"www.kare11.com",,,
"www.google.fi",,,
"g503.com",,,
"mail.sagecomconstruction.com",,,
"ylilauta.org",,,
"www3.mylot.com",,,
"americanmilitarynews.com",,,
"kickslinks.com",,,
"m.oreillyauto.com",,,
"www.proluxe.com",,,
"www.tango.me",,,
"forums.menshealth.com",,,
"outlook.office365.com",,,
"patriotoutdoornews.com",,,
"grammarist.com",,,
"display.ugc.bazaarvoice.com",,,
"bay178.mail.live.com",,,
"www.inboxdollars.com",,,
"www.700bike.com",,,
"gr-mg42.mail.yahoo.com",,,
"m.yelp.com",,,
"deref-mail-02.com",,,
"www.fingerhut.com",,,
"webmail.shentel.net",,,
"www.plumbenefits.com",,,
"www.cnet.com",,,
"www.trend-chaser.com",,,
"m.baidu.com",,,
"itsthetie.com",,,
"mall.speedway.com",,,
"maggiesfarm.anotherdotcom.com",,,
"www.best-deal.com",,,
"hypebeast.com",,,
"www.baicaio.com",,,
"connect.xfinity.com",,,
"jp.littlebits.com",,,
"rp.mahle.com",,,
"www.ihop.com",,,
"www.bbc.com",,,
"hotkicksusa.com",,,
"djdenis.narod.ru",,,
"nikemania.com",,,
"search.atom.aswidget.com",,,
"app.jobvite.com",,,
"profitincpa.info",,,
"www.google.dm",,,
"bendi.jinanlongen.com:6632",,,
"www.vocabulix.com",,,
"www.motherjones.com",,,
"www.genesco.com",,,
"3c-lxa.mail.com",,,
"mediacomtoday.com",,,
"secure.tuxstudios.com",,,
"www.sneakerfiles.com",,,
"new-webmail.simplepc.net",,,
"davidduchemin.com",,,
"www.smzdm.com",,,
"emailmg.easycgi.com",,,
"outlook.office.com",,,
"webmail.ena.net",,,
"webmail.windstreamhosting.com",,,
"www.google.com.kh",,,
"www.commanderzero.com",,,
"www.survivalistboards.com",,,
"12tomatoes.com",,,
"www.izito.us",,,
"lc.liberty.k12.mo.us",,,
"tieba.baidu.com",,,
"webmail.mysylacauga.com",,,
"www.sevenzone.com",,,
"unfilteredpatriot.com",,,
"mail10.deltacom.net",,,
"www.crainsdetroit.com",,,
"kickerdaily.com",,,
"blu173.mail.live.com",,,
"192.169.210.1:80",,,
"kicksomegas.raven5.com",,,
"moresneakers.com",,,
"www.google.co.uk",,,
"blog.naver.com",,,
"www.decarrier.net",,,
"www.allaboutanthony.com",,,
"www.google.com.ph",,,
"www.resource-mn.org",,,
"www.google.de",,,
"10.0.32.48:15871",,,
"www.myprivatesearch.com",,,
"greatdayinc.com",,,
"www.plazacarso.com.mx",,,
"mail.herzeleid.net",,,
"www.cheekpieces.com",,,
"admin.guideprod.com",,,
"orange.hakyungsoft.com",,,
"www.championpowerequipment.com",,,
"www.google.ch",,,
"www.google.rw",,,
"pl.search.yahoo.com",,,
"www.google.lu",,,
"p.yiqifa.com",,,
"lapetitetrotteuse.com",,,
"www.shopsleuth.com",,,
"websearch.rakuten.co.jp",,,
"www.dnsrsearch.com",,,
"www.yasni.info",,,
"www.picardovens.com",,,
"iprism-lch.citgo.com",,,
"www.zeecoupons.com",,,
"dogs.oodle.com",,,
"10.69.0.1:1000",,,
"sitelite-lasers.com",,,
"cdn.ampproject.org",,,
"ofertasus.com",,,
"www.speedcinch.com",,,
"www.thenews-messenger.com",,,
"www.ehow.com",,,
"feedly.com",,,
"bestbowsight.net",,,
"10.10.17.1",,,
"everydaystyleguy.blogspot.com",,,
"www.ixquick.com",,,
"gator3253.hostgator.com:2096",,,
"ny.racked.com",,,
"search.brighthouse.rr.com",,,
"www.google.com.sv",,,
"www.google.co.il",,,
"localhost:14896",,,
"www1.looksmart.com",,,
"www.google.bg",,,
"www.google.at",,,
"www.girleek.net",,,
"lax1-ib.adnxs.com",,,
"newgen2.server-08.net",,,
"www.airlinepilotforums.com",,,
"www.kicksonfire.com",,,
"www.yellowbook.com",,,
"wilsonsd.libguides.com",,,
"rajah.com",,,
"www.gtel.net",,,
"qa.narvar.com",,,
"www.sleddogcentral.com",,,
"montrose.mail.everyone.net",,,
"md46.quartz.synacor.com",,,
"www.soundandvision.com",,,
"dog-milk.com",,,
"mail33b.webmail.libero.it",,,
"www.google.ie",,,
"www.myhomeideas.com",,,
"www.wamdacapital.com",,,
"groovorio.com",,,
"ca.yhs4.search.yahoo.com",,,
"e-shines.toyota-shokki.co.jp",,,
"webmail.traceylawfirm.com",,,
"www.twosigmaventures.com",,,
"www.mystore411.com",,,
"www.businessinsider.com",,,
"www.9news.com",,,
"roundcube.scattercreek.com",,,
"nypost.com",,,
"localhost:26899",,,
"mail1.mediacombb.net",,,
"m.sogou.com",,,
"www.cybermondaydeals2016.co",,,
"rbe.hcde.org",,,
"mannoclothing.com",,,
"dappered.com",,,
"www.wral.com",,,
"wsvn.com",,,
"www.letsrun.com",,,
"sitemail.siteprotect.com",,,
"verified.codes",,,
"img.mediaplex.com",,,
"ru.iherb.com",,,
"securepubads.g.doubleclick.net",,,
"www.adslgate.com",,,
"computing.or.kr",,,
"jp.iherb.com",,,
"www.nydailynews.com",,,
"admin.securence.com",,,
"www.registrar.uwo.ca",,,
"www.mrconservative.com",,,
"soccerpartners.org",,,
"geology.com",,,
"www.cnsnews.com",,,
"uk.ask.com",,,
"mail.snooksofokoboji.com",,,
"www.saturdaydownsouth.com",,,
"lxptl01.genesco.local",,,
"www.bradygaster.com",,,
"directory.wholefoodsmagazine.com",,,
"cdn.intermarkets.net",,,
"www.google.gp",,,
"mlizcochico.com",,,
"theawesomer.com",,,
"192.168.3.1:10080",,,
"es.search.yahoo.com",,,
"192.168.16.1",,,
"www.tomboy-tarts.com",,,
"webmail.prestontel.com",,,
"www.nygirlz.co.kr",,,
"www.maxim.com",,,
"makingtheamericanman.com",,,
"shinola.icims.com",,,
"www.freeslots.com",,,
"www.google.com.my",,,
"www.mysistagurl.com",,,
"www.northgatemall.com",,,
"www.kadaza.com",,,
"localhost:14900",,,
"www.novosti.rs",,,
"webmail.bigtube.net",,,
"hollywoodlife.com",,,
"m1.mail.sina.com.cn",,,
"coupons.xfinity.com",,,
"localhost:25049",,,
"hackerboards.com",,,
"thewirecutter.com",,,
"discuss.littlebits.cc",,,
"www.granbygm.com",,,
"www.cbs58.com",,,
"northeastoverland.forumotion.com",,,
"www.businessadvicesource.com",,,
"www.jackedonthebeanstalk.com",,,
"webmail2.fidnet.com",,,
"webmail.pshift.com",,,
"www.playboy.com",,,
"www.disneysprings.com",,,
"www.usdirectory.com",,,
"www.google.sr",,,
"www2.mpcmail.com",,,
"czechpistols82792.yuku.com",,,
"www.dailywire.com",,,
"www.24hourcampfire.com",,,
"www.bestdeals.today",,,
"m.palmbeachoutlets.com",,,
"www.mgpyh.com",,,
"www.rokslide.com",,,
"webmail.t6b.com",,,
"ctl.centurylink.net",,,
"prizegrab.com",,,
"www.google.gr",,,
"webmail.hamiltoncom.net",,,
"jimmyjazz.com",,,
"sportsman",,,
"www.muscletech.cn",,,
"www.gratitudejournalblog.com",,,
"empireofsport.com.ua",,,
"porvir.org",,,
"10.151.204.1",,,
"m.rangers.mlb.com",,,
"search.iminent.com",,,
"www.fyvor.com",,,
"c.comenity.net",,,
"www.google.hu",,,
"advantagehunting.com",,,
"localhost:33978",,,
"webmail.pine-net.com",,,
"www.shacknews.com",,,
"webmail.comsouth.net",,,
"www.muscletech.com",,,
"www.aol.com",,,
"cdn.mrolympia.com",,,
"www.gearculture.com",,,
"www.attwoodmarine.com",,,
"shopriveroakscenter.com",,,
"mail.126.com",,,
"webmail.bvu.net",,,
"www.ridersroom.de",,,
"ask.metafilter.com",,,
"1019145.r.msn.com",,,
"www.store.com",,,
"mail.atlanticbb.net",,,
"www.haitaoing.com",,,
"webmail.excite.com",,,
"search.bt.com",,,
"www.mail.com",,,
"www.flightview.com",,,
"ib.adnxs.com",,,
"scholar.google.com.au",,,
"world4shopping.blogspot.com",,,
"m.mail.daum.net",,,
"onthesquaretrading.com",,,
"www.searchall.com",,,
"vi.vipr.ebaydesc.com",,,
"hothardware.com",,,
"www.nj.com",,,
"ipromote.com",,,
"sportsmanguide.com",,,
"snt151.mail.live.com",,,
"www.wallstreetoasis.com",,,
"sweetsoles.tumblr.com",,,
"www.webmd.com",,,
"www.google.co.zm",,,
"m.search.aol.com",,,
"webmail.pa.net",,,
"www.google.jo",,,
"www.sneakershouts.com",,,
"help-en-us.nike.com",,,
"www.stumbleupon.com",,,
"globalstarcoupon.com",,,
"www.1000fun.com.hk",,,
"webhelper.centurylink.com",,,
"www.advantagehunting.com.",,,
"search.frontier.com",,,
"shareasale.com",,,
"trib.al",,,
"blog.lnsresearch.com",,,
"www.menshealth.com",,,
"cancellation-form.com",,,
"www.dailykos.com",,,
"mail.shumwaysecurity.com",,,
"piggycoupons.com",,,
"www.sportslane.com",,,
"www.google.com.bo",,,
"sweepstakesalerts.com",,,
"462751.kicksomegas.raven5.com",,,
"www.perksatwork.com",,,
"www.swagbucks.com",,,
"search.yelpweb.com",,,
"gigazine.net",,,
"www.google.com.mm",,,
"www.outletsofms.com",,,
"so.m.sm.cn",,,
"images.search.yahoo.com",,,
"myemail.woodgroup.com",,,
"anglerhangout.com",,,
"www.fieldandstream.com",,,
"mentalflare.com",,,
"www.acquiremag.com",,,
"www.designerapparel.com",,,
"stickers-gratuit.blogspot.fr",,,
"www.starrett-lehigh.com",,,
"www.google.es",,,
"webmail.netconx.net",,,
"www.polycaseammo.com",,,
"beap-bc.yahoo.com",,,
"m.yahoo.com",,,
"www.google.com.lb",,,
"touch.facebook.com",,,
"mail.power-net.net",,,
"renovopower.com",,,
"localhost:14901",,,
"fortune.com",,,
"ww1.womensday.com",,,
"www.shopzilla.com",,,
"www.filson.com",,,
"www.wymt.com",,,
"s-5a297e-i.sgizmo.com",,,
"webmail.cfl.rr.com",,,
"www.google.hr",,,
"littlebits.theresumator.com",,,
"www.smithworksoutdoors.com",,,
"d.hatena.ne.jp",,,
"www.google.no",,,
"cs.cruise.com",,,
"search.wow.com",,,
"www.ecosia.org",,,
"www.reddit.com",,,
"m.thewirecutter.com",,,
"www.eesti2.ee",,,
"owa",,,
"www.bacaoo.com",,,
"www.thefirearmsforum.com",,,
"readmail.westiemail.com",,,
"www.dealcatcher.com",,,
"webmail.sccoast.net",,,
"www.defensivecarry.com",,,
"www.muscletalk.co.uk",,,
"172.17.100.11:15871",,,
"www.endlesscatalogs.com",,,
"mobile.catalogs.com",,,
"d-eggs.com",,,
"www.nationalgunforum.com",,,
"www.nacps.com",,,
"dealspotr.com",,,
"webmail.topaz.synacor.com",,,