"lvl2_domain"	"revenue_sum"	"total_conversions"	"valid_revenue_conversions"
"everyone.net"	"330.37"	"1"	"1"
"thmarine.com"	"83.92"	"1"	"1"
"nornet"	"26.69"	"1"	"1"
"dpdnav.com"	"161.9"	"1"	"1"
"outdrs.net"	"104.95"	"1"	"1"
"google.fr"	"82.95"	"1"	"1"
"mopopfestival.com"	"41.82"	"1"	"1"
"hughes.net"	"1307.28"	"1"	"1"
"sneakadeal.com"	"54.94"	"1"	"1"
"outdoorphotographer.com"	"74.5"	"1"	"1"
"qcol.net"	"126.72"	"1"	"1"
"doctorofcredit.com"	"46.98"	"1"	"1"
"q.com"	"114.35"	"1"	"1"
"savings.com"	"111.22"	"1"	"1"
"backroads.net"	"63.25"	"1"	"1"
"detroitnews.com"	"99.48"	"1"	"1"
"vcdelivery.com"	"0"	"1"	"1"
"funnstyle.com"	"97.95"	"1"	"1"
"johnsonandmurphy.com"	"129.79"	"1"	"1"
"gwtc.net"	"101.98"	"1"	"1"
"www.google.com.pr"	"138.4"	"1"	"1"
"hellowonderful.co"	"61.6"	"1"	"1"
"fwmrm.net"	"64.98"	"1"	"1"
"10.10.9.153:15871"	"281.93"	"1"	"1"
"com%252fa%252fhBW5u4cB731EAB9Lrh7NF8oztkV%252fspg48%253femail%253dhinsey1%2540llnl.gov"	"52.03"	"1"	"1"
"pureleads.com"	"99.47"	"1"	"1"
"mediacomcable.com"	"106.99"	"1"	"1"
"niketalk.com"	"149.82"	"1"	"1"
"yoursearch.me"	"272.69"	"1"	"1"
"sneakerwatch.com"	"30.45"	"1"	"1"
"atlanticbb.net"	"187.08"	"1"	"1"
"tylerrv.com"	"100.55"	"1"	"1"
"medamerica.com"	"34.68"	"1"	"1"
"myhughesnet.com"	"124.96"	"1"	"1"
"www.google.com.br"	"122.08"	"1"	"1"
"chattanoogan.com"	"112.94"	"1"	"1"
"cheap-r.com"	"188.97"	"1"	"1"
"mymailsrvr.com"	"63.98"	"1"	"1"
"latestcouponcodes.com"	"239.97"	"1"	"1"
"vtc.net"	"93.98"	"1"	"1"
"thegatewaypundit.com"	"29.97"	"1"	"1"
"bendbroadband.com"	"68.97"	"1"	"1"
"dkgtrading.com"	"39.97"	"1"	"1"
"charter.net"	"396.81"	"1"	"1"
"winloot.com"	"46.97"	"1"	"1"
"breitbart.com"	"94.14"	"1"	"1"
"www.google.co.in"	"30"	"1"	"1"
"baidu.com"	"294.4"	"1"	"1"
"maverickblinds.com"	"186.97"	"1"	"1"
"google.bs"	"102.94"	"1"	"1"
"catalograck.com"	"185.94"	"1"	"1"
"thesportsmansguide.com"	"70.97"	"1"	"1"
"cafelamoda.com"	"66.97"	"1"	"1"
"hunterswisdom.com"	"46.97"	"1"	"1"
"google.cl"	"291.35"	"1"	"1"
"rr.com"	"279.67"	"1"	"1"
"hiphopnews24-7.com"	"43.17"	"1"	"1"
"aquentsolutions.com"	"794.81"	"1"	"1"
"google.as"	"179.94"	"1"	"1"
"speedial.com"	"34.98"	"1"	"1"
"sandcreektelco.com"	"220.98"	"1"	"1"
"polarisatvforums.com"	"156.47"	"1"	"1"
"psu.edu"	"624.12"	"1"	"1"
"offeredby.net"	"38.98"	"1"	"1"
"google.mn"	"199.99"	"1"	"1"
"theblaze.com"	"129.75"	"1"	"1"
"evoamerica.com"	"35.97"	"1"	"1"
"google.tt"	"179.81"	"1"	"1"
"cheapprice.sale"	"349.47"	"1"	"1"
"anandtech.com"	"111.76"	"1"	"1"
"powerc.net"	"1290.1"	"1"	"1"
"emily.net"	"434.65"	"1"	"1"
"stylestar.co"	"293.97"	"1"	"1"
"wideopenspaces.com"	"196.91"	"1"	"1"
"www.google.com.tr"	"107.14"	"1"	"1"
"instagram.com"	"134.77"	"1"	"1"
"vector-usa.biz"	"159.77"	"1"	"1"
"bertramwireless.com"	"176.96"	"1"	"1"
"weather.com"	"46.96"	"1"	"1"
"ar15.com"	"44.96"	"1"	"1"
"patriotnewsdaily.com"	"214.62"	"1"	"1"
"armstrongmywire.com"	"94.96"	"1"	"1"
"yucca.net"	"57.96"	"1"	"1"
"theanimalrescuesite.com"	"16.98"	"1"	"1"
"pittcc.edu"	"139.09"	"1"	"1"
"tap.sh"	"186.11"	"1"	"1"
"searchlock.com"	"20.47"	"1"	"1"
"bign.com"	"111.65"	"1"	"1"
"nicekicks.com"	"121.04"	"1"	"1"
"johnstonmurphy.com%252fmens-sale-shoes"	"139.41"	"1"	"1"
"www.google.com.co"	"140.92"	"1"	"1"
"kwiktoolusa.com"	"17.47"	"1"	"1"
"compare99.com"	"71.97"	"1"	"1"
"roadrunner.com"	"42.25"	"1"	"1"
"advantagehunting.com"	"148.95"	"1"	"1"
"nbcnews.com"	"195.55"	"1"	"1"
"ellijay.com"	"52.76"	"1"	"1"
"zerohedge.com"	"326.13"	"1"	"1"
"10.136.1.100:15871"	"56.95"	"1"	"1"
"hoster912.com"	"75.95"	"1"	"1"
"ultrafryer.com"	"166.24"	"1"	"1"
"mywebsearch.com"	"108.52"	"2"	"2"
"JimmyJazz.com"	"151.88"	"2"	"2"
"cincinnatibell.net"	"422.56"	"2"	"2"
"www.google.co.kr"	"315.88"	"2"	"2"
"accuweather.com"	"137.12"	"2"	"2"
"www.google.com.ag"	"210.84"	"2"	"2"
"triviatoday.com"	"278.93"	"2"	"2"
"searchincognito.com"	"324.81"	"2"	"2"
"rtbtracking.com"	"140.71"	"2"	"2"
"24.246.223.253"	"153.2"	"2"	"2"
"bizpacreview.com"	"174.95"	"2"	"2"
"gunbot.net"	"137.69"	"2"	"2"
"dealmoon.com"	"260.83"	"2"	"2"
"solelinks.com"	"305.64"	"2"	"2"
"netscape.com"	"170.6"	"2"	"2"
"dogpile.com"	"452.93"	"2"	"2"
"copthesekicks.com"	"84.28"	"2"	"2"
"twc.com"	"291.29"	"2"	"2"
"core.com"	"92.51"	"2"	"2"
"extrabux.com"	"94.91"	"2"	"2"
"etcmail.com"	"540.01"	"2"	"2"
"www.google.com.do"	"56.87"	"2"	"2"
"johnstonmurphy.com"	"191.82"	"2"	"2"
"cox.net"	"636.2"	"2"	"2"
"www.google.com.au"	"574.75"	"2"	"2"
"filson.com"	"339.56"	"2"	"2"
"pch.com"	"53.99"	"2"	"2"
"doubleclick.net"	"157.35"	"2"	"2"
"wnd.com"	"652.22"	"2"	"2"
"www.google.com.mx"	"208.21"	"2"	"2"
"bizrate.com"	"97.7"	"2"	"2"
"t.co"	"293.69"	"3"	"3"
"mathtag.com"	"941.12"	"3"	"3"
"rosepinks.com"	"799.32"	"3"	"3"
"portal"	"299.78"	"3"	"3"
"amazon.com"	"362.76"	"3"	"3"
"peoplepc.com"	"328.18"	"3"	"3"
"usatoday.com"	"589.11"	"3"	"3"
"www.google.co.ve"	"379.87"	"3"	"3"
"slickguns.com"	"554.14"	"4"	"4"
"windstream.net"	"1159.22"	"4"	"4"
"ebay.com"	"304.48"	"4"	"4"
"goodsearch.com"	"271.81"	"4"	"4"
"netzero.net"	"127.61"	"4"	"4"
"yimg.com"	"355.67"	"4"	"4"
"verizon.com"	"867.02"	"4"	"4"
"solecollector.com"	"544.3"	"4"	"4"
"earthlink.net"	"352.9"	"4"	"4"
"search.com"	"1355.54"	"6"	"6"
"mammothshopper.com"	"623.4"	"6"	"6"
"cfahome.com"	"1090.36"	"6"	"6"
"retailmenot.com"	"714.24"	"6"	"6"
"duckduckgo.com"	"1347.33"	"7"	"7"
"comcast.net"	"978.29"	"7"	"7"
"mrrebates.com"	"1217.66"	"7"	"7"
"promopro.com"	"2505.52"	"7"	"7"
"google.ca"	"1409.48"	"8"	"8"
"ammoseek.com"	"606.37"	"8"	"8"
"myway.com"	"1146.78"	"8"	"8"
"partstown.com"	"3327.33"	"8"	"8"
"ask.com"	"929.44"	"8"	"8"
"offers.com"	"1780.87"	"9"	"9"
"centurylink.net"	"984.5"	"9"	"9"
"googlesyndication.com"	"2616.69"	"10"	"10"
"juno.com"	"1566.29"	"11"	"11"
"affirm.com"	"1492.65"	"11"	"11"
"xfinity.com"	"1876.87"	"17"	"17"
"sneakersteal.com"	"1663.94"	"18"	"18"
"ebates.com"	"2898.72"	"28"	"28"
"shopmyexchange.com"	"5956.83"	"28"	"28"
"bradsdeals.com"	"1824.73"	"34"	"34"
"aol.com"	"5479.22"	"38"	"38"
"googleadservices.com"	"8018.4"	"43"	"43"
"criteo.com"	"8810.65"	"54"	"54"
"facebook.com"	"11226.54"	"69"	"69"
"android.googlequicksearchbox"	"10258.21"	"81"	"81"
"live.com"	"11655.59"	"93"	"93"
"paypal.com"	"16926.598"	"173"	"173"
"jimmyjazz.com"	"20293.5"	"181"	"181"
"yahoo.com"	"49257.04"	"281"	"281"
"sportsmansguide.com"	"42776.35"	"285"	"285"
"bing.com"	"70427.35"	"414"	"414"
"google.com"	"355415.07"	"2125"	"2125"
"UNKNOWN"	"630496.2778"	"3634"	"3633"
"www.google.co.uk"			
"coupons.com"			
"webfodder3.net"			
"funkychromegames.com"			
"www.google.com.ph"			
"edutopia.org"			
"food.com"			
"nccray.com"			
"r-l-x.de"			
"breakfastdeals.com"			
"clarityconnect.com"			
"nationalgeographic.com"			
"10.0.32.48:15871"			
"sportsmansguide.com%252f"			
"rightrelevance.com"			
"freeslots.com"			
"neis1.com:3000"			
"greatdayinc.com"			
"gsiexpress.com"			
"www.plazacarso.com.mx"			
"politico.com"			
"canoe.com"			
"kissmetrics.com"			
"shopriveroakscenter.com"			
"comsouth.net"			
"google.cm"			
"worldlifestyle.com"			
"haitaobei.com"			
"yesware.com"			
"lackennationalschool.com"			
"lapetitetrotteuse.com"			
"centurylink.com"			
"websearch.rakuten.co.jp"			
"truthrevolt.org"			
"reaganemail.com"			
"gizmodo.com"			
"scholar.google.com.au"			
"dailyrecord.com"			
"prtcnet.com"			
"creativetechcamp.com"			
"plumbenefits.com"			
"playboy.com"			
"bbc.com"			
"onthesquaretrading.com"			
"mysimon.com"			
"10.69.0.1:1000"			
"sitelite-lasers.com"			
"ofertasus.com"			
"trendhunter.com"			
"coastalgrand.com"			
"pubmatic.com"			
"thesimsresource.com"			
"acrec.com"			
"narvar.com"			
"shophanesmall.com"			
"dnsrsearch.com"			
"tz-uk.com"			
"hothardware.com"			
"informationvine.com"			
"feedly.com"			
"bestbowsight.net"			
"valetmag.com"			
"ipromote.com"			
"10.10.17.1"			
"sportsmanguide.com"			
"level3.com"			
"bostontechmom.com"			
"highsnobiety.com"			
"www.google.co.zm"			
"searchall.com"			
"kixandthecity.com"			
"www.google.com.sv"			
"www.google.co.il"			
"localhost:14896"			
"crainsdetroit.com"			
"google.je"			
"globalstarcoupon.com"			
"www.1000fun.com.hk"			
"street-rules.com"			
"needle.com"			
"rbows.com"			
"publish2profit.com"			
"www.advantagehunting.com."			
"shareasale.com"			
"themadpatriots.com"			
"googleapis.com"			
"iaff980.com"			
"trib.al"			
"nowtro.com"			
"rajah.com"			
"cancellation-form.com"			
"classifiedads.com"			
"blogspot.tw"			
"abbreviations.com"			
"piggycoupons.com"			
"civilwarsupermodel.com"			
"socifi.com"			
"www.google.com.bo"			
"shopnorthlake.com"			
"google.rw"			
"survivalistboards.com"			
"dog-milk.com"			
"twitter.android"			
"sweepstakesalerts.com"			
"gigazine.net"			
"ena.com"			
"genesco.local"			
"www.google.com.mm"			
"ledbury.com"			
"dealsofamerica.com"			
"thehulltruth.com"			
"anglerhangout.com"			
"ebaydesc.com"			
"mentalflare.com"			
"freeservers.com"			
"viglink.com"			
"fetchback.com"			
"mgpyh.com"			
"www.google.com.lb"			
"renovopower.com"			
"westgate-mall.com"			
"thenerdyteacher.com"			
"shopfordcitymall.com"			
"localhost:14901"			
"king5.com"			
"fortune.com"			
"conenvs.com:2095"			
"beso.com"			
"mpcmail.com"			
"formeremortals.net"			
"google.sn"			
"ziggedy.com"			
"validclick.com"			
"dteworld.com"			
"cablelynx.com"			
"tim.it"			
"wdbj7.com"			
"iscope.com"			
"partstown.com%253Facx_source%253DGOOGLE%2526acx_campaign%253D%25255BNB%25255D%252520-%252520Restaurant%252520Parts%252520-%252520Kitchen%252520-%252520BMM%2526acx_adgroup%253DKitchen%252520-%252520Spare%252520Parts%2526acx_keyword%253D%25252Bkitchen%252520%25252Bspare%252520%25252Bparts"			
"owa"			
"urbantrendyclothingshop.com"			
"mediaforge.com"			
"etmc.org"			
"www.muscletalk.co.uk"			
"anotherdotcom.com"			
"172.17.100.11:15871"			
"d-eggs.com"			
"dealspotr.com"			
"probass.net"			
"net.id"			
"bright.net"			
"northamericanwhitetail.com"			
"plateautel.net"			
"muted.com"			
"soundandvision.com"			
"medium.com"			
"mainetoday.com"			
"thefedoralounge.com"			
"localhost:4000"			
"letsrun.com"			
"shopstyle.com"			
"jobvite.com"			
"localhost:12391"			
"igmhb.com"			
"webstarts.com"			
"www.google.co.bw"			
"wfeca.net"			
"mail2world.com"			
"www.google.com.af"			
"price-kickerz.com"			
"airmail.net"			
"csh.lt"			
"flir.com"			
"bwca.com"			
"tplogic.com"			
"handihelp.net"			
"jango.com"			
"10.11.1.1"			
"symbaloo.com"			
"wareable.com"			
"google.ee"			
"aswidget.com"			
"buluanmai.com"			
"gamousa.com"			
"izito.com"			
"intermarkets.net"			
"usedregina.com"			
"midwestinfo.net"			
"edwardjones.com"			
"rebatesme.com"			
"usrfiles.com"			
"genesco.local:7777"			
"americasmall.com"			
"chilitech.net"			
"thoughtcatalog.com"			
"google.it"			
"google.fi"			
"cut.net"			
"m.discuss.com.hk"			
"when.com"			
"contaya.com"			
"mapyourshow.com"			
"drymate.com"			
"bb-team.org"			
"zoominfo.com"			
"beverage-air.com"			
"gtek.biz"			
"southslope.net"			
"iendeavor.com"			
"www.google.com.bd"			
"dealsrebates.com"			
"dailyspoonfeed.com"			
"extrememax.com"			
"siteprotect.com"			
"126.com"			
"zdnet.com"			
"tamaratattles.com"			
"factorytoursusa.com"			
"kicksdeals.com"			
"www.activityvillage.co.uk"			
"searchnow.com"			
"novabeans.com"			
"localhost:34699"			
"everyguyed.com"			
"10.221.6.1"			
"mymodernincome.com"			
"tvconline.net"			
"nascar.com"			
"fitness.com"			
"nosejammer.com"			
"linksynergy.com"			
"shopwestfarms.com"			
"qrz.com"			
"www.google.com.pk"			
"google.sk"			
"outletsofms.com"			
"lghopson.com"			
"xg4ken.com"			
"willysdetroit.com"			
"airows.com"			
"courierpostonline.com"			
"daum.net"			
"uncrate.com"			
"icims.com"			
"sportslane.com"			
"maxbounty.com"			
"maishoudang.com"			
"thenews-messenger.com"			
"mediaplex.com"			
"mobilebyweb.com"			
"wral.com"			
"wikipedia.org"			
"acquiremag.com"			
"absolutetravel.com"			
"attwoodmarine.com"			
"www.google.com.ly"			
"shopashevilleoutlets.com"			
"10.1.112.100"			
"endlesscatalogs.com"			
"shreve.net"			
"iminent.com"			
"scamadviser.com"			
"localhost:14889"			
"themindcircle.com"			
"americanologist.com"			
"www.google.com.ai"			
"yandex.com.tr"			
"conduit.com"			
"www.usbuy.com.tw"			
"cnet.com"			
"guelph-mortgage-broker.ca"			
"dealigg.com"			
"travelportland.com"			
"falfiles.com"			
"38.246.0.34:15871"			
"lebarboteur.com"			
"gunboards.com"			
"indix.tv"			
"com.pinterest"			
"mesasafe.com"			
"ibnads.xl.co.id"			
"11.183.31.194"			
"corax.de"			
"alltheshoes.com"			
"covad.net"			
"outbrain.com"			
"206.22.57.40:15871"			
"lifescript.com"			
"purelyinspired.com"			
"bgdailynews.com"			
"www.google.com.ua"			
"www.google.com.tw"			
"scholar.google.com.tr"			
"cnsnews.com"			
"dobbersports.com"			
"www.bbc.co.uk"			
"dealscove.com"			
"google.ch"			
"meltel.net"			
"naver.com"			
"m3forum.net"			
"zapmeta.com"			
"traveljohn.com"			
"wagjag.com"			
"www.google.com.kw"			
"wholefoodsmagazine.com"			
"bradygaster.com"			
"fordhamroadbid.org"			
"www.jimmyjazz.com."			
"cbs58.com"			
"commeuncamion.com"			
"jimmyjazz.com%252f"			
"mybluelight.com"			
"adrs.me"			
"cheap-kingdom.us"			
"powerreviews.com"			
"findouter.com"			
"fnzoo.com"			
"myvir.com"			
"securesearch.co"			
"allzip.org"			
"foothills.net"			
"toshiba.com"			
"lastpass.com"			
"bvu.net"			
"10.10.1.66:15871"			
"ne.jp"			
"localhost:14894"			
"fwdaff.com"			
"maxxcoldfoodservice.com"			
"accountkiller.com"			
"brostrick.com"			
"blendernetworks.com"			
"msn.net"			
"angloinfo.com"			
"kingsplazaonline.com"			
"moogmusic.com"			
"seekingalpha.com"			
"layacharon.com"			
"sharff.com.ua"			
"10.10.78.1:1000"			
"google.az"			
"alot.com"			
"thefiringline.com"			
"gov.au"			
"loutaubert.com"			
"rosallop.com"			
"jordansdaily.com"			
"lifehacker.com"			
"getsaturn.com"			
"centrum.cz"			
"pistolspetalsandpearls.com"			
"thehayride.com"			
"muchomail.com"			
"mybuys.com"			
"wsj.com"			
"be-broken.com"			
"open-source-gallery.org"			
"localhost:20271"			
"google.ru"			
"nutsacbags.com"			
"inc.com"			
"libertyfairs.com"			
"forumotion.com"			
"weekend-wanderer.com"			
"10.8.1.238"			
"verygoodlord.com"			
"freeiz.com"			
"worldstarhiphop.com"			
"bloglenovo.es"			
"shopzilla.com"			
"thefirearmsforum.com"			
"libertea.us"			
"bazaarvoice.com"			
"mymilitia.com"			
"messing-about.com"			
"yellowbook.com"			
"kens5.com"			
"www.dailymail.co.uk"			
"google.gl"			
"couponmalt.com"			
"promotot.com"			
"rincondecaballeros.com"			
"gilanet.com"			
"ebates.int"			
"popeyesquebec.com"			
"titlesearcher.com"			
"twarm.com"			
"kmbc.com"			
"localhost.com"			
"imp.sndkorea.co.kr"			
"galleryatsouthdekalb.com"			
"99storeslike.com"			
"www.ebird.co.kr"			
"youmekids.com"			
"google.ml"			
"outdoorsunlimited.net"			
"c-i-service.com"			
"www.google.co.id"			
"cincinnati.com"			
"zdsearch.com"			
"illinois.edu"			
"sagecomconstruction.com"			
"smarter.com"			
"geniusbox.net"			
"exploreshops.net"			
"hostway.com"			
"or.kr"			
"www.google.com.py"			
"ihop.com"			
"nydailynews.com"			
"google.at"			
"picardovens.com"			
"furfur.me"			
"google.mg"			
"couponism.com"			
"eyebeam.org"			
"google.dz"			
"blahparazzi.com"			
"easycgi.com"			
"thedailybeast.com"			
"webpublishpro.com"			
"thenewoakparkmall.com"			
"travelandleisure.com"			
"inquirer.net"			
"prestontel.com"			
"hartel.net"			
"persecusa.com"			
"omgwhut.com"			
"bushcraftusa.com"			
"coolmaterial.com"			
"voucherlive.com"			
"wiatel.net"			
"google.pt"			
"700bike.com"			
"izito.us"			
"ampproject.org"			
"wsfcs.net"			
"google.gy"			
"mancavin.com"			
"hcde.org"			
"lenmar.com"			
"icnet.net"			
"homegarden.io"			
"www.outerlimits.co.jp"			
"turtlecreekmall.com"			
"affinityperks.com"			
"cableone.net"			
"littlehero.es"			
"bestdeals.today"			
"ohsnapbacks.com"			
"networksolutionsemail.com"			
"brmemc.net"			
"krugeroptical.com"			
"huffingtonpost.com"			
"www.google.co.zw"			
"fingerhut.com"			
"atlasfoodserv.com"			
"spr.ly"			
"internetbrands.com"			
"southparkmall.com"			
"gilesk12.org"			
"www.shopstyle.com.au"			
"mybroadband.three.co.uk"			
"traceylawfirm.com"			
"google.hu"			
"ridersroom.de"			
"deltacom.net"			
"zhihu.com"			
"bigdealbook.com"			
"momny.co.kr"			
"skybest.com"			
"saltwaternewengland.com"			
"incentivenetworks2.com"			
"www.google.com.ec"			
"172.16.1.38:15871"			
"dscash.com"			
"lucianne.com"			
"go2gbo.com"			
"intertelecom.ua"			
"tvline.com"			
"voucherlisting.com"			
"myglnc.com"			
"clarionledger.com"			
"google.mv"			
"wfaa.com"			
"nextag.com"			
"webwebweb.com"			
"oodle.com"			
"weburlopener.com"			
"yandex.ru"			
"www.google.com.jm"			
"carson.com"			
"search-results.com"			
"muscletech.com"			
"davidmanise.com"			
"huntinggeardeals.com"			
"shopsales.us"			
"stockgumshoe.com"			
"mrconservative.com"			
"ebates.ca"			
"11.233.239.194"			
"frugalbuzz.com"			
"timebie.com"			
"randmcnally.com"			
"inventtolearn.com"			
"fatherly.com"			
"dealcatcher.com"			
"shopfeeback.com"			
"norcom2000.com"			
"gearculture.com"			
"mymail.coop"			
"hydroxycut.com"			
"www.google.co.za"			
"kold-draft.com"			
"lowpriceshopper.com"			
"tpmr.com"			
"catalogsfroma-z.com"			
"nacps.com"			
"heavy.com"			
"cgi2.nintendo.co.jp"			
"scotchaddict.com"			
"girleek.net"			
"pricecollect.com"			
"10.5.1.17"			
"Google.com"			
"heininger.biz"			
"scinternet.net"			
"bloter.net"			
"ebates.cn"			
"www.google.com.et"			
"thatoffer.net"			
"builtinnyc.com"			
"upworthy.com"			
"sohu.com"			
"10.240.66.6:15871"			
"kharkovforum.com"			
"riverwalkneworleans.com"			
"swat.coop"			
"scottpetroleuminc.com"			
"www.google.co.th"			
"mysylacauga.com"			
"m4ar15.com"			
"utsidan.se"			
"lifebuzz.com"			
"yifen.com"			
"weekly-ads.us"			
"www.google.com.pa"			
"nhaccuatui.com"			
"altoonamirror.com"			
"designerapparel.com"			
"rkdms.com"			
"ebates.sg"			
"wsginc.com"			
"goacentek.net"			
"blogcheckouttoday2016.tk"			
"tis"			
"soapcentral.com"			
"bax-shop.nl"			
"badgerandblade.com"			
"comenity.net"			
"localhost:15657"			
"securence.com"			
"wowway.net"			
"dealbada.com"			
"localhost:14897"			
"store.com"			
"macaunutrition.com"			
"oureverydaylife.com"			
"gingerhotels.com"			
"heatfactory.com"			
"bledsoe.net"			
"google.jo"			
"catalogdelight.com"			
"buckeyecablesystem.net"			
"capitalwaterfowling.com"			
"qc.ca"			
"zulily.com"			
"cellularoutfitter.com"			
"wallstreetoasis.com"			
"weinbrennerusa.com"			
"prjcq.com"			
"zamberlanusa.com"			
"similarsites.com"			
"dpfng.com"			
"saturdaydownsouth.com"			
"screenworksinc.net"			
"cpleads.org"			
"yahoo.net"			
"narod.ru"			
"nbmai.com"			
"mlb.com"			
"wpengine.com"			
"nate.com"			
"dealsplus.com"			
"auctionzip.com"			
"kinex.net"			
"smzdm.com"			
"megagate.com"			
"newsbusters.org"			
"housakicks.com"			
"makeuseof.com"			
"runestone.net"			
"hkgolden.com"			
"10.1.5.15:15871"			
"agsupport.org"			
"freecatalogs123.com"			
"spotzot.com"			
"google.gr"			
"inventorspot.com"			
"aaa.com"			
"iherb.com"			
"etv.net"			
"jobsinme.com"			
"kadaza.com"			
"salefire.us"			
"gun-deals.com"			
"themodestman.com"			
"10.71.1.212:8080"			
"crunchgymsucks.com"			
"leverettschool.org"			
"couponfollow.com"			
"mytacticalspot.com"			
"sportsmanguide.cm"			
"spg.local"			
"ivankatrump.com"			
"sportesoutdoortools.com"			
"usdirectory.com"			
"beforeitsnews.com"			
"nieco.com"			
"localhost:14878"			
"www.google.com.vn"			
"browningowners.com"			
"fidmail.com"			
"linkvalidator.net"			
"taurusarmed.net"			
"travelchannel.com"			
"mesatactical.com"			
"www.google.co.cr"			
"enxlife.com"			
"joeforamerica.com"			
"drudgereport.com"			
"localhost:20109"			
"usherald.com"			
"shohol.com"			
"oaklandmall.com"			
"search-error.com"			
"thevog.net"			
"rstyle.me"			
"yelpweb.com"			
"americanupbeat.com"			
"milled.com"			
"zrxoa.org"			
"google.la"			
"shoppingchicagoridgemall.com"			
"vk.com"			
"fyvor.com"			
"blogspot.ca"			
"cmsinter.net"			
"betheajenner.com"			
"daytonmall.com"			
"vosteran.com"			
"iwon.com"			
"biz-essence.com"			
"flipboard.com"			
"thezoereport.com"			
"yandex.ua"			
"muscleandfitness.com"			
"k9safesearch.com"			
"0l0.us"			
"nmax.net"			
"hornady.com"			
"search.yahoo.co.jp"			
"powerxmail.com"			
"iyfrr.com"			
"pcworld.com"			
"lrcdn.net"			
"astrology.com"			
"emailsrvr.com"			
"pcmag.com"			
"bargainoutfitters.com"			
"1.1.1.1"			
"wyoming.com"			
"polycaseammo.com"			
"bestleather.org"			
"mysistagurl.com"			
"findagrave.com"			
"findnsave.com"			
"wisconsinrapidstribune.com"			
"shoptronics.com"			
"bt.com"			
"johnstonandmurphy-email.com"			
"image.search.yahoo.co.jp"			
"couponndeal.us"			
"yasni.info"			
"springfieldgrp.com"			
"ushistory.org"			
"pyddd.com"			
"65.49.52.117:8080"			
"www.google.com.na"			
"msn.com"			
"nickgreenemail.com"			
"wwltv.com"			
"webmd.com"			
"themarketplacemall.com"			
"rokslide.com"			
"sneakerfiles.com"			
"survivallife.com"			
"businessinsider.com"			
"nchuntandfish.com"			
"stealherstyle.net"			
"bankrate.com"			
"fokuzz.com"			
"allmyfaves.com"			
"foxnews.com"			
"localhost:25091"			
"sfgate.com"			
"rubiconproject.com"			
"mo.us"			
"articlesofstyle.com"			
"9news.com"			
"shentel.net"			
"localhost:12173"			
"nickevery.com"			
"time.com"			
"www.google.com.uy"			
"mcpsmd.org"			
"cosmopolitan.com"			
"citgo.com"			
"lifewithllewellins.com"			
"ebates.kr"			
"hampshire.edu"			
"littlebits.cc"			
"womensday.com"			
"anygetfront.com"			
"sinaapp.com"			
"mallatstonecrest.com"			
"above.com"			
"shopinfo.com.ua"			
"tn.gov"			
"voigtclub.com"			
"reddit_sync.pro"			
"dwx.com"			
"google.so"			
"mashable.com"			
"trkute.com"			
"t-online.de"			
"localhost:14892"			
"65.74.171.22"			
"localhost:14898"			
"www.myshopping.com.au"			
"www.brasiliafablab.com.br"			
"sgizmo.com"			
"bodybuilding.com"			
"hobbielektronika.hu"			
"rightwingnews.com"			
"socket.net"			
"dfjgrowth.com"			
"chippewaboots.com"			
"techhive.com"			
"corporateperks.com"			
"findarticles.com"			
"jackmtn.com"			
"popwuping.com"			
"multiscreensite.com"			
"globalnews.ca"			
"blogspot.com"			
"wymt.com"			
"latinospost.com"			
"www.google.co.jp"			
"ctesc.net"			
"neitel.net"			
"footbasket.com"			
"lifehacklane.com"			
"s.ppomppu.co.kr"			
"realtimepolitics.com"			
"hakyungsoft.com"			
"trustwave.com"			
"shophelp.ru"			
"sothatscool.com"			
"classiciqquiz.org"			
"airstreamcomm.net"			
"ardmore.net"			
"looksmart.com"			
"gearcraft.us"			
"flychicago.com"			
"network54.com"			
"fuelhelmets.com"			
"nikelebron.net"			
"laurenconrad.com"			
"harrisonstore.it"			
"seattlemade.org"			
"gpcom.net"			
"brazosnet.com"			
"fixya.com"			
"askandyaboutclothes.com"			
"wowway.com"			
"searchmobileonline.com"			
"invisiblehandlabs.com"			
"jotform.com"			
"verizon.net"			
"dp.ua"			
"lostjeeps.com"			
"alpharubicon.com"			
"thisiswhyimbroke.com"			
"www.findoo.com.au"			
"bbb.org"			
"aev-conversions.com"			
"topglobalmall.co.kr"			
"cntraveler.com"			
"pttl.gr"			
"reddit.com"			
"gearhungry.com"			
"syn-alias.com"			
"themallatgreeceridge.com"			
"localhost:14893"			
"10.21.0.1:8002"			
"justfreshkix.com"			
"northgatemall.com"			
"google.sr"			
"entouriste.com"			
"kharkov.ua"			
"lodge210rome.com"			
"epbfi.com"			
"ooyala.com"			
"www.yandex.com.tr"			
"www.google.com.sa"			
"westiemail.com"			
"acontinuouslean.com"			
"littlebitscloud.cc"			
"pa.net"			
"thestate.com"			
"google.am"			
"jamadots.com"			
"tothewoods.net"			
"optimum.net"			
"11jia.net"			
"fastcompany.com"			
"localhost:22072"			
"metv.com"			
"172.26.102.57:15871"			
"genesco.com"			
"melodyfacts.com"			
"siouxvalley.net"			
"gocomics.com"			
"madeinusa.org"			
"google.lt"			
"askdavetaylor.com"			
"mgoblog.com"			
"plusnetwork.com"			
"redred.com"			
"www.google.com.gh"			
"yuku.com"			
"bingappnetwork.com"			
"commanderzero.com"			
"65.198.237.9"			
"highland.net"			
"littlebits.com"			
"mypoints.com"			
"finn.no"			
"flitetest.com"			
"office.com"			
"ps4ux.com"			
"hiconsumption.com"			
"nemont.net"			
"att.com"			
"kicksundercost.com"			
"complex.com"			
"granbygm.com"			
"chapelhillmall.com"			
"exede.net"			
"sogou.com"			
"holtcompanies.com"			
"musclespro.com"			
"www.telegraph.co.uk"			
"xxl-sale.com"			
"airlinepilotforums.com"			
"officialblog.jp"			
"192.168.236.1"			
"duplichecker.com"			
"esquire.com"			
"simon.com"			
"powerzoneinc.com"			
"theblacksphere.net"			
"nj.com"			
"africahunting.com"			
"techcrunch.cn"			
"gc.ca"			
"libaclub.com"			
"allaboutanthony.com"			
"venturagasprices.com"			
"cameleo.ru"			
"defensivecarry.com"			
"netsuite.com"			
"gameoptimizers.com"			
"nooga.com"			
"onlyinternet.net"			
"google.nl"			
"borderfree.com"			
"jimmyjazz.com."			
"suddenlink.net"			
"10.51.0.10:1000"			
"xenadrine.com"			
"google.pl"			
"metafilter.com"			
"bacaoo.com"			
"thegardensmall.com"			
"centex.net"			
"45.55.235.178:3000"			
"speedway.com"			
"searchguideinc.com"			
"menshealth.com"			
"copper.net"			
"google.de"			
"styleforum.net"			
"bwiairport.com"			
"google.bg"			
"geneseemall.com"			
"1ft-seabass.jp"			
"thingiverse.com"			
"iovate.com"			
"bonanoinsurance.com"			
"localhost:11421"			
"fashionfly.co"			
"blogphimviet.com"			
"kmvt.com"			
"11.64.51.249"			
"doingit3d.com"			
"eesti2.ee"			
"mendprovisions.com"			
"urlm.co"			
"adslgate.com"			
"localhost:34501"			
"gorhino.com"			
"myfairpoint.net"			
"ehowenespanol.com"			
"alhea.com"			
"google.es"			
"ptd.net"			
"fashionsquare.com"			
"pof.com"			
"nebnet.net"			
"kipkay.com"			
"google.bt"			
"storesavings.com"			
"gosale.com"			
"freedomdaily.com"			
"office365.com"			
"shihuo.cn"			
"meidebi.com"			
"theorchardsmall.com"			
"xtconnect.com"			
"mccuefamily.com"			
"gq.com"			
"medpse.com"			
"freep.com"			
"midco.net"			
"americanrifleman.org"			
"cox.com"			
"filson.com%3Futm_source%3Dgoogle%26utm_medium%3Dcpc%26utm_campaign%3D%5BBrand%5D%2520Generic%2520-%2520(Exact)%26utm_keyword%3Dfilson%26gclid%3DCjwKEAjww_a8BRDB-O-OqZb_vRASJAA9yrc5PSYzWwxR7H1N0LGgG-QislTrCOFNXhc5aT7mMiHqlxoC_Ojw_wcB"			
"pine-net.com"			
"greenhills.net"			
"trend-chaser.com"			
"texsport.com"			
"localhost:14904"			
"www.google.com.bz"			
"trovi.com"			
"ighome.com"			
"oreillyauto.com"			
"209.173.43.27:8000"			
"munchkinsandwich.com"			
"scicable.com"			
"miwifi.com"			
"godaddy.com"			
"refugeforums.com"			
"bym.de"			
"google.be"			
"allsales.guru"			
"baicaio.com"			
"search.aol.co.uk"			
"outletsatcastlerock.com"			
"catalogs.com"			
"trello.com"			
"www.google.com.ar"			
"smithworksoutdoors.com"			
"expeditionportal.com"			
"youdao.com"			
"bestdiscounts.us"			
"dealwifi.com"			
"adsensecustomsearchads.com"			
"unishipping.vn"			
"localhost:14903"			
"getpocket.com"			
"bladeforums.com"			
"onclickads.net"			
"uwo.ca"			
"adishofdailylife.com"			
"kijiji.ca"			
"360.cn"			
"bop.gov"			
"sportsmanguide.om"			
"forbes.com"			
"oreilly.com"			
"myeconmall.com"			
"johnstonandmurphy.com"			
"eurodib.com"			
"55haitao.com"			
"applytojob.com"			
"google.lu"			
"phelim.org"			
"straighttalk.com"			
"startpage.com"			
"habrahabr.ru"			
"google.dk"			
"agenzy.com"			
"sportsmansguide.com%252fa%252fhBXMrxUB731EAB9NgQaNCp8gYBT%252fspg52%253femail%253dfishingfool63%2540hotmail%252ecom"			
"arvig.net"			
"disneyaccelerator.com"			
"gamezebo.com"			
"njgunforums.com"			
"uhs.org"			
"pmcammo.com"			
"dabin69.com"			
"sneakernews.com"			
"avsforum.com"			
"www.google.com.pe"			
"friendlycenter.com"			
"honest-food.net"			
"1sale.com"			
"edurobots.ru"			
"archive.org"			
"collegetrad.com"			
"yadtel.net"			
"j23app.com"			
"texaslife.com"			
"mail.uol.com.br"			
"zscaler.net"			
"urbandaddy.com"			
"laproteina.es"			
"popshops.com"			
"tgous.com"			
"digitaltrends.com"			
"rangefinderforum.com"			
"magnadealer.com"			
"komando.com"			
"blackfridaydeals2016.co"			
"absolutesaver.com"			
"shu.com.ua"			
"ok.us"			
"fmctc.com"			
"shoptronics.ca"			
"ashleyweston.com"			
"premiumoutlets.com"			
"localhost:14891"			
"google.vg"			
"beesq.net"			
"region16.net"			
"heddels.com"			
"hillseeker.com"			
"linkedin.com"			
"intelliwave.com"			
"terpoy.com"			
"m.adidas.co.kr"			
"huihui.cn"			
"astrologyzone.com"			
"delta.com"			
"192.168.16.8"			
"zianet.com"			
"ana-white.com"			
"thewindpros.com"			
"hotsheet.com"			
"herzeleid.net"			
"sporter.com"			
"microsoft.com"			
"chol.com"			
"shoplafayettemall.com"			
"semesterz.com"			
"reduto.ca"			
"likes.com"			
"www.antara.com.mx"			
"dartsearch.net"			
"google.hn"			
"foxvalley.net"			
"practicalecommerce.com"			
"proluxe.com"			
"dealnews.com"			
"shacknews.com"			
"paulbunyan.net"			
"ccrtc.com"			
"flightview.com"			
"wnep.com"			
"perksatwork.com"			
"testosteronesupplementsreport.com"			
"thecoolector.com"			
"localhost:19866"			
"abbotsfordchrysler.com"			
"royallepage.ca"			
"libguides.com"			
"yelp.com"			
"welltrainedmind.com"			
"netaddress.com"			
"srcaccess.net"			
"theinternationalman.com"			
"a2zinc.net"			
"bakernt5"			
"resource-mn.org"			
"www.google.co.nz"			
"www.google.com.np"			
"vnea.com"			
"patchworm.com"			
"tyylit.fi"			
"www.google.com.pg"			
"ciuvo.com"			
"areasnap.com"			
"fmtc.co"			
"gunsgunsguns.com"			
"unwiredwest.net"			
"google.ba"			
"deref-mail.com"			
"dennismichaellynch.com"			
"taggify.net"			
"dtccom.net"			
"texasbowhunter.com"			
"mail.nu"			
"laurencedawson.reddit_sync"			
"businessadvicesource.com"			
"hushmail.com"			
"sooperfantastic.com"			
"fiberglassflyrodders.com"			
"techvibes.com"			
"www.google.co.ao"			
"gd-ots.net"			
"fidnet.com"			
"grizzlycoolers.com"			
"siamnaliga.com"			
"so.com"			
"www.google.com.ng"			
"makersworkshop.net"			
"192.168.150.254:1000"			
"www.google.com.gt"			
"ontrq.com"			
"loanmatchingservice.com"			
"anonhq.com"			
"meigexinxi.com"			
"www.gq-magazine.co.uk"			
"genie.geniewidget"			
"keywordblocks.com"			
"compprime.com"			
"gronknation.com"			
"dailykos.com"			
"startsiden.no"			
"www.lifehacker.com.au"			
"collectivekicks.com"			
"mediatakeout.com"			
"tnguns.com"			
"slickdeals.net"			
"salebutler.us"			
"ripoffreport.com"			
"analyze2005.com"			
"shopfairlane.com"			
"weatherbug.com"			
"haoguanwang.com"			
"mycableone.net"			
"netsidebar.com"			
"azdailysun.com"			
"hunterslife.gr"			
"localhost:14895"			
"pa.us"			
"hntvchina.com"			
"nymag.com"			
"modelane.com"			
"localhost:14899"			
"server-08.net"			
"theshoppingcarttrick.com"			
"creditcardcatalog.com"			
"arrow-precision.com"			
"tumblr.com"			
"fieldandstream.com"			
"panamacity-mall.com"			
"calibex.com"			
"info.com"			
"tuxstudios.com"			
"amazonaws.com"			
"google.ws"			
"10.99.0.3:15871"			
"twosigmaventures.com"			
"lakesidemotorsports.net"			
"werd.com"			
"katriders.com"			
"10.20.40.40:15871"			
"succeed.net"			
"taboola.com"			
"google.hr"			
"best-price.com"			
"trevormorrowtravel.com"			
"jamaisvulgaire.com"			
"yellowpages.com"			
"workingadvantage.com"			
"plutobrat.com"			
"google.is"			
"galleriadallas.com"			
"uglyhedgehog.com"			
"feedburner.com"			
"bluetie.com"			
"eaglemountainguideservice.com"			
"peak.org"			
"lifehack.org"			
"dreamingofgalleries.me"			
"bunddler.com"			
"localhost:14890"			
"kicksonfire.com"			
"google.gg"			
"supplementshop.ir"			
"bikeforums.net"			
"imagination.is"			
"shoeporn.com"			
"doteasy.com"			
"peoplestel.net"			
"nemf.com"			
"google.se"			
"mail.ru"			
"hao123.com"			
"hotpopgamer.com"			
"dailywire.com"			
"couponlawn.com"			
"best-deal.com"			
"carcomplaints.com"			
"google.si"			
"ixquick.com"			
"qoo.by"			
"nytimes.com"			
"thrillon.com"			
"findr.sg"			
"eyedoctormike.com"			
"sccoast.net"			
"subguns.com"			
"telegram.messenger"			
"palmbeachoutlets.com"			
"tango.me"			
"polyvore.com"			
"www.google.com.mt"			
"finderscheapers.com"			
"guidedev.com"			
"findingrange.com"			
"shopandcompare.ca"			
"sm.cn"			
"chat.kidstaff.com.ua"			
"lotteryusa.com"			
"www.google.com.qa"			
"pinterest.com"			
"qpolitical.com"			
"redflagdeals.com"			
"monroevillemall.com"			
"ena.net"			
"blacklistednews.com"			
"kulturizmas.net"			
"ctcis.net"			
"cumbytel.com"			
"homebrewtalk.com"			
"agencyaccess.com"			
"kare11.com"			
"rcn.com"			
"bodybuilding.lk"			
"pcm.net"			
"delmarvanow.com"			
"fhm.com"			
"pshift.com"			
"carryology.com"			
"tds.net"			
"camtel.net:8383"			
"24hourcampfire.com"			
"localhost:8854"			
"cheekpieces.com"			
"intoautos.com"			
"bigpond.com"			
"gifthulk.com"			
"couponsherpa.com"			
"detonate.com"			
"irishexaminer.com"			
"www.google.com.bh"			
"clad.com"			
"www.google.com.ni"			
"hamptoncountysc.org"			
"servicechannel.com"			
"hamiltoncom.net"			
"abbmail.net"			
"shopdinemidtown.com"			
"phlnutrition.com"			
"ida.net"			
"nyhus.com"			
"pvtnetworks.net"			
"salesforce.com"			
"stuccu.com"			
"we-love-new-york.com"			
"stumbleupon.com"			
"theboombox.com"			
"swagbucks.com"			
"romamakers.org"			
"maxim.com"			
"uatoday.tv"			
"raven5.com"			
"trinityforce.com"			
"adssend.net"			
"nehalemtel.net"			
"google.al"			
"morrisinvestigations.net"			
"shoesofthepresidents.com"			
"google.cz"			
"jimmyjazz.xom"			
"mysearch.com"			
"socnet.com"			
"JimmyJazz.com%253Fmr:adGroup%253D1291615863%2526mr:ad%253D56833008753%2526mr:keyword%253Djimmyjazz%2526mr:placement%253D%2526mr:match%253De%2526mr:referralID%253DNA"			
"racked.com"			
"fashionista.com"			
"avg.com"			
"easydialsearch.com"			
"blackfridaydiscount.net"			
"wanelo.com"			
"usstoresavers.com"			
"rose.net"			
"mplore.com"			
"172.18.1.180:15871"			
"citylab.com"			
"red-alliance.net"			
"findcasualgamerz.com"			
"172.16.40.1:1000"			
"htenvmail.net"			
"10.60.10.52:15871"			
"cablespeed.com"			
"coupongreat.com"			
"echoaudio.nl"			
"knoji.com"			
"themediatrust.com"			
"crosstel.net"			
"refdesk.com"			
"123haitao.com"			
"pix-hd.com"			
"phosphatidicacid.com"			
"socialdownloadr.com"			
"popsugar.com"			
"nbcsports.com"			
"weartesters.com"			
"demandware.net"			
"www.buyself.co.kr"			
"marktwain.net"			
"cpxdeliv.com"			
"askmen.com"			
"homeclick.com"			
"volusiamall.net"			
"factmag.com"			
"mallofamerica.com"			
"pvtistes.net"			
"windstreamhosting.com"			
"leanmuscleproject.com"			
"t6b.com"			
"magtechammunition.com"			
"cleaneatingmag.com"			
"google.ht"			
"ultimatecoupons.com"			
"jimmyjazz.com%253Fmr:adGroup%253D%2526mr:ad%253D24535638033%2526mr:keyword%253Djimmy%252520jazz%2526mr:placement%253D%2526mr:match%253De%2526mr:referralID%253DNA"			
"forummam.com"			
"metrocast.net"			
"reagan.com"			
"xtopoly.com"			
"hostgator.com:2096"			
"pahrump.com"			
"motherjones.com"			
"google.com%0D"			
"10.14.63.99"			
"ehow.com"			
"wamdacapital.com"			
"ketv.com"			
"letmeknow.fr"			
"starrett-lehigh.com"			
"wikiarms.com"			
"windriveroutdoorcompany.com"			
"currentcodes.com"			
"webestdeal.com"			
"soldonsale.com"			
"otherbuzz.com"			
"foundrygroup.com"			
"vocabulix.com"			
"thegearpage.net"			
"filipeflop.com"			
"massfidelity.com"			
"visitseattle.org"			
"savevy.com"			
"southlakemall.com"			
"lnkd.in"			
"sevenzone.com"			
"nwwnet.net"			
"zeecoupons.com"			
"wispwest.net"			
"hide.me"			
"sgmtactical.com"			
"com%252f%253fecid%253dEmail-e626l%2526em_id%253djosephlane1201%2540comcast.net%2526utm_source%253dinternal%2526utm_medium%253demail%2526utm_campaign%253de626l%26ssid%3DPublic-WiFi"			
"barska.com"			
"github.com"			
"www.topglobalmall.co.kr"			
"mahaska.org"			
"sportsman%2520guide"			
"theviraldance.com"			
"northerntool.com"			
"legacyplace.com"			
"scoutdoornews.com"			
"marksgunsandgear.com"			
"juliet-house.com"			
"buyerpricer.com"			
"mercurynews.com"			
"google.gp"			
"jagwireless.net"			
"akfiles.com"			
"contour-express.com"			
"stylonomy.com"			
"11.56.116.1"			
"www.google.com.sg"			
"decarrier.net"			
"mallforafrica.com"			
"cancelwizard.com"			
"theshoegame.com"			
"rgj.com"			
"craigclassifiedads.com"			
"buzzfeed.com"			
"shotgunworld.com"			
"entimports.com"			
"yourtakeonfitness.com"			
"preparednessmama.com"			
"weatherforyou.com"			
"www.google.com.cy"			
"venturebeat.com"			
"google.lv"			
"bluevalley.net"			
"google.rs"			
"wamda.com"			
"adobe.com"			
"couponcabin.com"			
"172.27.72.27"			
"www.tusimportaciones.com.co"			
"tomboy-tarts.com"			
"archivalclothing.com"			
"www.google.co.ma"			
"forums.hardwarezone.com.sg"			
"oklahoman.com"			
"sociableblog.com"			
"greenacresmallonline.com"			
"mission1bar.com"			
"hypothekids.org"			
"wildblue.net"			
"secureserver.net"			
"sneakerscartel.com"			
"agentlemansword.com"			
"sneakershouts.com"			
"libero.it"			
"dfj.com"			
"nike.com"			
"thejasminebrand.com"			
"kik.com"			
"rush.edu"			
"wi-fi.ru"			
"revolver.dk"			
"localhost:14902"			
"jinanlongen.com:6632"			
"archerytalk.com"			
"allwrestlingnews.com"			
"bigtube.net"			
"ayahbdeir.com"			
"hupu.com"			
"demco.com"			
"well-spent.com"			
"vanpeople.com"			
"nysaja.com"			
"myhomeideas.com"			
"topix.com"			
"theakforum.net"			
"equipped.org"			
"www.google.com.vc"			
"thecmp.org"			
"moccini.com"			
"guangdiu.com"			
"ecommercefuel.com"			
"yeah.net"			
"anhwf.local"			
"power-net.net"			
"cpatop.info"			
"myfirstclasslife.com"			
"intellicast.com"			
"profirefighter.com"			
"westfield.com"			
"m0.mail.sina.com.cn"			
"dealsea.com"			
"windowssearch.com"			
"lily-yao.com"			
"povod.com.ua"			
"sleddogcentral.com"			
"localhost:14905"			
"tennysoncourt.com"			
"veruta.com"			
"www.google.com.eg"			
"google.lk"			
"shopjefferson-mall.com"			
"linkhaitao.com"			
"shopsleuth.com"			
"www.google.co.uz"			
"argentsolutions.net"			
"art-survie.com"			
"ifone.com"			
"yiqifa.com"			
"stack3d.com"			
"constantcontact.com"			
"ecosia.org"			
"inboxdollars.com"			
"egouz.com"			
"fundaciontelefonica.co"			
"yxeht.com"			
"qq.com"			
"192.168.33.1"			
"mrolympia.com"			
"gearpatrol.com"			
"sprintpcs.com"			
"disneysprings.com"			
"google.no"			
"bloomberg.com"			
"10.16.3.5:3000"			
"zingdesign.com"			
"thehill.com"			
"mounet.com"			
"synacor.com"			
"newsok.com"			
"elkayfoodservice.com"			
"golfwrx.com"			
"simplepc.net"			
"mystore411.com"			
"haitaoing.com"			
"promocode2016.com"			
"shumwaysecurity.com"			
"bankcheckingsavings.com"			
"brighthouse.com"			
"tc3net.com"			
"marcustroy.com"			
"piloteers.org"			
"advanceautoparts.com"			
"mlive.com"			
"wotbox.biz"			
"allnurses.com"			
"209.221.56.66"			
"courier-journal.com"			
"tecomate.com"			
"pl.ua"			
"100searchengines.com"			
"searchfever.com"			
"rvitch.com"			
"educaciontrespuntocero.com"			
"footsell.com"			
"championpowerequipment.com"			
"wzzm13.com"			
"cnbc.com"			
"promocodetogo.com"			
"twcc.com"			
"adgrx.com"			
"11.187.183.194"			
"10.103.252.75:15871"			
"cruise.com"			
"always-review.com"			
"247sports.com"			
"google.dm"			
"rbagroupefinancier.com"			
"royalblueapparel.com"			
"e1m.net"			
"maxximumfoodservice.com"			
"iherb.cn"			
"mrtc.com"			
"igxe.cn"			
"lttlebits%2520"			
"quebecpeche.com"			
"storeslike.com"			
"adx.io:8888"			
"couponsfashion.com"			
"effortlessgent.com"			
"osogrande.com"			
"barchart.com"			
"tiendeo.mx"			
"jimmyjazz-ns.com"			
"mensjournal.com"			
"wranglerforum.com"			
"groupon.com"			
"yp.com"			
"skymilesshopping.com"			
"seriouslyfreestuff.com"			
"google.dj"			
"rrv.net"			
"sneakerbardetroit.com"			
"laurelparkplace.com"			
"mail.com"			
"lookatme.ru"			
"snapitseeit.com"			
"shopdepot.net"			
"sixstarpro.com"			
"www.google.com.hk"			
"nsgnav.com"			
"google.iq"			
"mvpgroupcorp.com"			
"lnsresearch.com"			
"oppcatv.com"			
"windowssearch.com:80"			
"fishingbuddy.com"			
"mysearchdial.com"			
"nv.us"			
"192.168.0.4"			
"11.170.23.194"			
"revolution.com"			
"howtocancel.com"			
"100mile.co.kr"			
"topgamesfrees.com"			
"m14forum.com"			
"searchthis.com"			
"wheretoget.it"			
"air2data.com"			
"localhost:21435"			
"coolmomtech.com"			
"localhost:26089"			
"netconx.net"			
"batadased.com"			
"icloud.com"			
"inbox.com"			
"controversialtimes.com"			
"adnxs.com"			
"gtel.net"			
"xataka.com"			
"10.0.1.1"			
"webdaily.com"			
"aneverydaystory.com"			
"actonservice.com"			
"JimmyJazz.com%253Fmr:adGroup%253D1291615863%2526mr:ad%253D56833008753%2526mr:keyword%253Djimmy%252520jazz%2526mr:placement%253D%2526mr:match%253De%2526mr:referralID%253DNA"			
"catskill.net"			
"dealgoody.com"			
"lonestardistribution.com"			
"couponinsanity.com"			
"www.google.com.bn"			
"foreignpolicy.com"			
"watch.ru"			
"nikeblog.com"			
"http"			
"hotdeals.com"			
"hostgator.com"			
"fwdssp.com"			
"192.168.104.26"			
"tri-lakes.net"			
"bbtel.com"			
"freegovernmentforms.net"			
"rimfirecentral.com"			
"universalfwding.com"			
"curtmfg.com"			
"plaintips.com"			
"donnaconaford.com"			
"shopathome.com"			
"blessthisstuff.com"			
"nap-camp.com"			
"deref-gmx.com"			
"t-mobile.com"			
"espernet.net"			
"usine-digitale.fr"			
"google.ps"			
"printablecouponcode.com"			
"rdhunting.com"			
"google.by"			
"umblr.com"			
"taxidermy.net"			
"sportsmansguide.com%252fbuyers-guides%252ftree-stand-buying-guide%252f"			
"ameriplancashbacksaver.com"			
"groovorio.com"			
"realtime.net"			
"localhost:10219"			
"e-shines.toyota-shokki.co.jp"			
"ggss.ml"			
"worthco.com"			
"snooksofokoboji.com"			
"webcrawler.com"			
"nypost.com"			
"spray.se"			
"localhost:26899"			
"speedcinch.com"			
"nasdaq.com"			
"myprivatesearch.com"			
"adamscable.com"			
"atlantic.net"			
"mnclaytarget.com"			
"columbusmakesit.com"			
"google.ie"			
"npgco.com"			
"mrctv.org"			
"google.me"			
"umcsnguest.com"			
"mannoclothing.com"			
"google.ae"			
"g503.com"			
"dappered.com"			
"definitions.net"			
"ylilauta.org"			
"verisign.com"			
"scattercreek.com"			
"wsvn.com"			
"fashionbeans.com"			
"powerball.com"			
"americanmilitarynews.com"			
"kickslinks.com"			
"myemail.com"			
"verified.codes"			
"mahle.com"			
"blogspot.fr"			
"autotrader.ca"			
"yesimright.com"			
"arc3gases.com"			
"ureach.com"			
"novosti.rs"			
"tkqlhce.com"			
"couponchief.com"			
"bluecoat.com"			
"pattayacitythailand.com"			
"thesneakeraddict.com"			
"huffpost.com"			
"stemfinity.com"			
"doityourself.com"			
"haitaozj.com"			
"soccerpartners.org"			
"louisacomm.net"			
"shopgadsdenmall.com"			
"geology.com"			
"patriotoutdoornews.com"			
"master-bilt.com"			
"mwgco.com"			
"grammarist.com"			
"instructables.com"			
"mallsandoutlets.com"			
"jouster.com"			
"nationalgunforum.com"			
"whiteskyservices.com"			
"kentuckygasprices.com"			
"awesomeom.com"			
"relayshopusa.fr"			
"tactical-life.com"			
"microsofttranslator.com"			
"deref-mail-02.com"			
"mlizcochico.com"			
"google.tn"			
"theawesomer.com"			
"192.168.3.1:10080"			
"ct4me.net"			
"madisonmaxey.com"			
"newburghmall.com"			
"192.168.16.1"			
"livestrong.com"			
"dospace.org"			
"www.nygirlz.co.kr"			
"itsthetie.com"			
"sipromac.com"			
"perlick.com"			
"insppartner.com"			
"cybermondaydeals2016.co"			
"mtccold.com"			
"makingtheamericanman.com"			
"www.google.com.my"			
"inspsearch.com"			
"hypebeast.com"			
"localhost:14900"			
"hollywoodlife.com"			
"m1.mail.sina.com.cn"			
"eastland-mall.com"			
"securitysquare.com"			
"att.net"			
"forodirect.com"			
"localhost:25049"			
"hotkicksusa.com"			
"aarp.org"			
"premieronline.net"			
"hackerboards.com"			
"thewirecutter.com"			
"nikemania.com"			
"lansingstatejournal.com"			
"eshopex.com"			
"mobile01.com"			
"beliefnet.com"			
"profitincpa.info"			
"trophyhunt.com"			
"nu-z.net"			
"theresumator.com"			
"1starnet.com"			
"google.ge"			
"startnetzero.net"			
"1911forum.com"			
"cdkitchen.com"			
"swisherinc.com"			
"cybermonday2015.co"			
"google.kz"			
"allaboutcircuits.com"			
"perkspot.com"			
"mcgowancontrols.com"			
"al.com"			
"guideprod.com"			
"msnbc.com"			
"unwiredbb.com"			
"hanksclothing.com"			
"arduino.cc"			
"lessucriers.com"			
"seattletimes.com"			
"mediacomtoday.com"			
"prizegrab.com"			
"mediacombb.net"			
"davidduchemin.com"			
"gratitudejournalblog.com"			
"msu.edu"			
"wt.net"			
"korg.com"			
"fullsizebronco.com"			
"mepotelco.net"			
"google.ro"			
"muscletech.cn"			
"empireofsport.com.ua"			
"shopgreenbriar.com"			
"theisaacsons.org"			
"www.google.com.kh"			
"jackedonthebeanstalk.com"			
"uh.org"			
"frontier.com"			
"woodgroup.com"			
"charlotteobserver.com"			
"12tomatoes.com"			
"porvir.org"			
"10.151.204.1"			
"unfilteredpatriot.com"			
"wow.com"			
"mylot.com"			
"motorguide.com"			
"excite.com"			
"kickerdaily.com"			
"openmultipleurl.com"			
"chango.com"			
"homeschoolcreations.net"			
"google.mu"			
"192.169.210.1:80"			
"163.com"			
"skybox.net"			
"moresneakers.com"			
"localhost:33978"			
"sunherald.com"			
"gogreenclc.com"			